SiteID,AltNum,Description
17,Cemetery 2000 changed to 3000,Other No
41,Seshemu,Junker No
78,Tjezi,Junker No
97,D 39/40,Other No
97,D 39,Other No
97,D 40,Other No
146,D 80,Other No
146,D 80 A,Other No
146,D 80/80 A,Other No
146,Lepsius 22,Lepsius No
146,L. 22,Lepsius No
146,LG 22,Lepsius No
148,D 82/82 A,Other No
148,D82,Other No
148,D 82 A,Other No
163,D 96,Correct Double Mastaba No
163,D 97,Correct Double Mastaba No
163,S 4570,Junker No
173,Sedaug,Junker No
176,S 4544/4565,Junker No
183,G 1022x,Alternate Reisner No
188,G 1025a,Alternate Reisner No
188,G 1025b,Alternate Reisner No
190,G 1027x,Alternate Reisner No
192,G 1026-Annex,Alternate Reisner No
197,G 1033a,Alternate Reisner No
197,G 1033,Alternate Reisner No
200,G 1035bc,Alternate Reisner No
200,G 1035a,Alternate Reisner No
200,G 1035d,Alternate Reisner No
200,G 1035xy,Alternate Reisner No
200,G 1035z,Alternate Reisner No
210,G 1040+41,Alternate Reisner No
210,G 1040,Correct Double Mastaba No
210,G 1041,Correct Double Mastaba No
214,G 1045,Correct Double Mastaba No
214,G 1046,Correct Double Mastaba No
214,G 1045+46,Alternate Reisner No
261,D 90,Other No
264,G 1104,Correct Double Mastaba No
264,G 1105,Correct Double Mastaba No
271,G 1112,Correct Double Mastaba No
271,G 1113,Correct Double Mastaba No
295,G 1162,Correct Double Mastaba No
295,G 1172,Correct Double Mastaba No
296,G 1163,Correct Double Mastaba No
296,G 1166,Correct Double Mastaba No
304,G 1173,Alternate Reisner No
325,G 1206-Annex,Alternate Reisner No
334,G 1229,Alternate Reisner No
336,G 2080,Alternate Reisner No (Fisher Cemetery)
337,G 1227 Annex,Alternate Reisner No
341,G 1231,Alternate Reisner No
385,G 1408,Correct Double Mastaba No
385,G 1409,Correct Double Mastaba No
389,G 3040,Other No
390,G 1452,Correct Double Mastaba No
390,G 1453,Correct Double Mastaba No
391,G 1454,Correct Double Mastaba No
391,G 1455,Correct Double Mastaba No
400,G 1604a,Alternate Reisner No
400,G 1604b,Alternate Reisner No
410,G 1614a,Alternate Reisner No
410,G 1614b,Alternate Reisner No
412,G 1615a,Alternate Reisner No
412,G 1615b,Alternate Reisner No
443,G 1648,Correct Double Mastaba No
443,G 1665,Correct Double Mastaba No
486,G 1697a,Alternate Reisner No
489,Lepsius 23,Lepsius No
489,L.23,Lepsius No
489,LG 23,Lepsius No
497,G 2008a,Alternate Reisner No
503,G 2013a,Alternate Reisner No
511,G 5227a,Alternate Reisner No
522,Lepsius 46,Lepsius No
522,L.46,Lepsius No
522,LG 46,Lepsius No
524,G 5032a,Alternate Reisner No
530,G 2200,Alternate Reisner No
530,e,Alternate Reisner No
531,d,Alternate Reisner No
531,G 2190,Alternate Reisner No
532,LG 44,Lepsius No
532,Lepsius 44,Lepsius No
532,L.44,Lepsius No
536,L.36,Lepsius No
536,Lepsius 36,Lepsius No
536,LG 36,Lepsius No
539,G 2310,Alternate Reisner No
540,G 2300,Alternate Reisner No
541,LG 43,Lepsius No
541,L.43,Lepsius No
541,Lepsius 43,Lepsius No
543,Lepsius 42,Lepsius No
543,L.42,Lepsius No
543,LG 42,Lepsius No
544,LG 39,Lepsius No
544,S 796,Junker No
544,Lepsius 39,Lepsius No
544,L.39,Lepsius No
545,G 5341,Alternate Reisner No
546,G 5342,Alternate Reisner No
546,S 806,Junker No
547,LG 37,Lepsius No
547,Lepsius 37,Lepsius No
547,L.37,Lepsius No
548,S 846/847,Junker No
549,LG 31,Lepsius No
549,Lepsius 31,Lepsius No
549,L.31,Lepsius No
550,G 2330,Alternate Reisner No
554,LG 40,Lepsius No
554,Lepsius 40,Lepsius No
554,L.40,Lepsius No
562,G 5245,Alternate Reisner No
567,G 2320,Alternate Reisner No
568,G 2350,Alternate Reisner No
568,S: 290 (?),Junker No
570,L.41,Lepsius No
570,Lepsius 41,Lepsius No
570,LG 41,Lepsius No
573,G 2015a,Alternate Reisner No
573,G 2015b,Alternate Reisner No
577,G 2019,Alternate Reisner No
578,G 2028,Alternate Reisner No
586,G 2018 X,Alternate Reisner No
587,G 2025b,Alternate Reisner No
589,G 2026a,Alternate Reisner No
589,G 2026b,Alternate Reisner No
589,G 2026c,Alternate Reisner No
589,G 2026d,Alternate Reisner No
589,G 2026e,Alternate Reisner No
607,G 2036a,Alternate Reisner No
618,G 2042a,Alternate Reisner No
618,G 2042b,Alternate Reisner No
618,G 2042c,Alternate Reisner No
618,G 2042d,Alternate Reisner No
625,G 2045a,Alternate Reisner No
625,G 2045b,Alternate Reisner No
625,G 2045c,Alternate Reisner No
634,G 2061a,Alternate Reisner No
637,G 2072a,Alternate Reisner No
643,G 2077a,Alternate Reisner No
643,G 2077b,Alternate Reisner No
643,G 2503,Alternate Reisner no
648,G 2086a,Alternate Reisner No
648,G 2083,Alternate Reisner No
651,G 2088a,Alternate Reisner No
651,G 2088b,Alternate Reisner No
654,G 2089a,Alternate Reisner No
658,G 2092,Correct Double Mastaba No
658,G 2093,Correct Double Mastaba No
670,G 2500,Alternate Lythgoe No
671,VIII 1,Junker No
671,G 2100-I Annex,Alternate Reisner No
671,LG 24,Lepsius No
671,Lepsius 24,Lepsius No
671,L.24,Lepsius No
671,G 2100 I Annex,Alternate Reisner No
672,G 2100 II Annex,Alternate Reisner No
672,G 2100-II Annex,Alternate Reisner No
672,G 2101,Alternate Reisner No
677,IX 1,Junker No
686,VIII 2,Junker No
686,a1,Alternate Reisner No
688,b1,Alternate Reisner No
688,IX 2,Junker No
699,VIII 3,Junker No
699,a2,Alternate Reisner No
708,b2,Alternate Reisner No
708,IX 3,Junker No
715,VIII 4,Junker No
715,a3,Alternate Reisner No
716,G 4870,Alternate Reisner No
716,VIIInn,Junker No
725,IX 4,Junker No
725,b3,Alternate Reisner No
732,G 2227,Alternate Reisner No
735,G 4990,Alternate Reisner No
735,VIII 5,Junker No
735,c,Alternate Reisner No
740,IX 5,Junker No
742,X 5,Junker No
753,m1,Alternate Reisner No
753,X 3,Junker No
754,m2,Alternate Reisner No
754,X 4,Junker No
761,G 2230,Correct Double Mastaba No
761,G 2231,Correct Double Mastaba No
769,G 2239a,Alternate Reisner No
769,G 2239b,Alternate Reisner No
769,G 2239c,Alternate Reisner No
774,G 2242a,Alternate Reisner No
777,G 2243a,Alternate Reisner No
803,Djaty,Alternate Reisner No
803,Djati,Alternate Reisner No
814,G 5390,Alternate Reisner No
814,G 5490,Alternate Reisner No
821,LG 27,Lepsius No
821,L.27,Lepsius No
821,Lepsius 27,Lepsius No
826,G 2375a,Alternate Reisner No
833,Lepsius 26,Lepsius No
833,L.26,Lepsius No
833,LG 26,Lepsius No
836,G 2387,Alternate Reisner No
839,Tomb of Funerary Priests of Senezemib Family,Other No
849,G 2402a,Alternate Reisner No
849,G 2402b,Alternate Reisner No
873,G 2424,Correct Double Mastaba No
873,G 2425,Correct Double Mastaba No
878,LG 25,Lepsius No
878,L.25,Lepsius No
878,Lepsius 25,Lepsius No
887,G 2439a,Alternate Reisner No
890,G 2441a,Alternate Reisner No
894,G 2444a,Alternate Reisner No
915,G 2469a,Alternate Reisner No
917,G 2471a,Alternate Reisner No
919,G 2472a,Alternate Reisner No
923,G 2475a,Alternate Reisner No
925,G 2476a,Alternate Reisner No
944,G 3000 a,Alternate Reisner No
944,G 3000 b,Alternate Reisner No
945,G 3001 b,Alternate Reisner No
945,G 3001 a,Alternate Reisner No
957,G 3013 b,Alternate Reisner No
957,G 3014,Correct Double Mastaba No
957,G 3013 a,Alternate Reisner No
957,G 3013,Correct Double Mastaba No
965,G 3026 a,Alternate Reisner No
965,G 3026 b,Alternate Reisner No
972,G 3036 b,Alternate Reisner No
973,G 3037 b,Alternate Reisner No
973,G 3037 a,Alternate Reisner No
977,[G 2071],Alternate Reisner No (Fisher Cemetery)
978,[G 2072],Alternate Reisner No (Fisher Cemetery)
979,[G 2073],Alternate Reisner No (Fisher Cemetery)
980,[G 2074],Alternate Reisner No (Fisher Cemetery)
981,[G 2081],Alternate Reisner No (Fisher Cemetery)
982,[G 2082],Alternate Reisner No (Fisher Cemetery)
983,[G 2083],Alternate Reisner No (Fisher Cemetery)
984,[G 2084],Alternate Reisner No (Fisher Cemetery)
985,[G 2085],Alternate Reisner No (Fisher Cemetery)
986,[G 2087],Alternate Reisner No (Fisher Cemetery)
986,G 3087a,Alternate Reisner No
986,G 3087b,Alternate Reisner No
987,[G 2086],Alternate Reisner No (Fisher Cemetery)
988,[G 2088],Alternate Reisner No (Fisher Cemetery)
989,[G 2090],Alternate Reisner No (Fisher Cemetery)
990,[G 2091],Alternate Reisner No (Fisher Cemetery)
991,[G 2092],Alternate Reisner No (Fisher Cemetery)
992,[G 2093],Alternate Reisner No (Fisher Cemetery)
993,[G 2094],Alternate Reisner No (Fisher Cemetery)
994,[G 2095],Alternate Reisner No (Fisher Cemetery)
995,[G 2096],Alternate Reisner No (Fisher Cemetery)
996,[G 2097],Alternate Reisner No (Fisher Cemetery)
997,[G 2098],Alternate Reisner No (Fisher Cemetery)
997,G 3098b,Alternate Reisner No
997,G 3098a,Alternate Reisner No
998,[G 2099],Alternate Reisner No (Fisher Cemetery)
999,D 60,Other No
1002,IV 1,Alternate Reisner No
1002,G 4140-Annex,Alternate Reisner No
1002,G 4141,Alternate Reisner No
1004,Is,Junker No
1005,In,Junker No
1007,IV 2,Alternate Reisner No
1009,IIs,Junker No
1010,IIn,Junker No
1021,IV 3,Alternate Reisner No
1023,IIIs,Junker No
1024,Imsetka,Junker No
1025,IIIn,Junker No
1028,LG 51,Lepsius No
1028,Lepsius 51,Lepsius No
1028,L.51,Lepsius No
1034,G 4314,Alternate Reisner No
1046,Mehi,Junker No
1047,IVs,Junker No
1048,S 2172/2174,Junker No
1050,IVn,Junker No
1051,Kapuptah,Junker No
1076,Vs,Junker No
1078,S 2050/2061,Junker No
1079,Vn,Junker No
1082,LG 50,Lepsius No
1082,Lepsius 50,Lepsius No
1082,L.50,Lepsius No
1096,G 4633,Correct Double Mastaba No
1096,G 4634,Correct Double Mastaba No
1103,Ity,Junker No
1104,VIs,Junker No
1105,Kai,Junker No
1106,VIn,Junker No
1107,LG 49,Lepsius No
1107,Lepsius 49,Lepsius No
1107,L.49,Lepsius No
1109,G 4712a,Alternate Reisner No
1112,Lepsius 48,Lepsius No
1112,L.48,Lepsius No
1112,LG 48,Lepsius No
1127,Niankhnemti Ny,Junker No
1128,VIIs,Junker No
1131,VIIn,Junker No
1132,Nefer [I],Junker No
1132,G 4861,Alternate Reisner No
1133,S 2076/2143,Junker No
1135,S 2082/2087,Junker No
1137,G 4814,Alternate Reisner No
1137,G 4811,Correct Double Mastaba No
1137,G 4812,Correct Double Mastaba No
1137,G 4810,Alternate Reisner No
1151,VIIIss,Junker No
1152,VIIIs,Junker No
1155,VIIIn,Junker No
1158,LG 47,Lepsius No
1158,Lepsius 47,Lepsius No
1158,L.47,Lepsius No
1161,L.45,Lepsius No
1161,Lepsius 45,Lepsius No
1161,LG 45,Lepsius No
1162,Ptahiwfnj,Junker No
1169,LG 34,Lepsius No
1169,Lepsius 34,Lepsius No
1169,L.34,Lepsius No
1170,Lepsius 32,Lepsius No
1170,L.32,Lepsius No
1170,LG 32,Lepsius No
1171,G 2340,Alternate Reisner No
1171,LG 29,Lepsius No
1171,Lepsius 29,Lepsius No
1171,L.29,Lepsius No
1175,G 7530,Correct Double Mastaba No
1175,G 7540,Correct Double Mastaba No
1175,G 7530-7540: G 7530,Alternate Reisner No
1175,G 7530-7540: G 7540,Alternate Reisner No
1175,G 7530sub,NULL
1176,L.58,Lepsius No
1176,Lepsius 58,Lepsius No
1176,LG 58,Lepsius No
1206,G 7169a,Alternate Reisner No
1213,G 7210,Correct Double Mastaba No
1213,G 7220,Correct Double Mastaba No
1213,G 7210-7220: G 7210,Alternate Reisner No
1213,G 7210-7220: G 7220,Alternate Reisner No
1217,G 7230-7240: G 7230,Alternate Reisner No
1217,G 7230-7240: G 7240,Alternate Reisner No
1217,G 7230,Correct Double Mastaba No
1217,G 7240,Correct Double Mastaba No
1222,S 2100/2101,Junker No
1222,G 4851,Alternate Reisner No
1226,S 46,Junker No
1230,S 388/390,Junker No
1231,141,Abou-Ghazi No (ASAE 58 [1964])
1231,Khw-n-ptah,Hassan No.
1231,Khuienptah,Hassan No.
1232,Khuta,Hassan No.
1232,Khwta,Hassan No.
1232,55,Abou-Ghazi No (ASAE 58 [1964])
1237,49,Abou-Ghazi No (ASAE 58 [1964])
1237,Medw-nefer,Hassan No.
1237,Medunefer (2),Hassan No.
1239,Memi,Hassan No.
1239,133,Abou-Ghazi No (ASAE 58 [1964])
1243,48,Abou-Ghazi No (ASAE 58 [1964])
1243,Mer-'ankh-f,Hassan No.
1243,Merankhef,Hassan No.
1244,Mersuankh,Hassan No.
1244,Mersu-'ankh,Hassan No.
1244,9,Abou-Ghazi No (ASAE 58 [1964])
1244,S 145 (Hassan),Other No
1245,Meruka (2),Other No
1246,Merouka,Hassan No.
1246,Meruka,Hassan No.
1246,Meruka (1),Hassan No.
1246,8,Abou-Ghazi No (ASAE 58 [1964])
1247,82,Abou-Ghazi No (ASAE 58 [1964])
1247,Mes-sa,Hassan No.
1250,G 4851,Reisner No
1251,Nary,Hassan No.
1251,83,Abou-Ghazi No (ASAE 58 [1964])
1256,84,Abou-Ghazi No (ASAE 58 [1964])
1256,Ny-Ptah-nefer-her Fefi,Hassan No.
1256,Neferherenptah Fefi,Hassan No.
1257,Neferhetep (1),Hassan No.
1257,Nefer-hetep,Hassan No.
1257,158,Abou-Ghazi No (ASAE 58 [1964])
1258,135,Abou-Ghazi No (ASAE 58 [1964])
1258,Nefer-hetep,Hassan No.
1258,Neferhetep (2),Hassan No.
1261,Nefernemtut,Hassan No.
1261,Nefer-nemtet,Hassan No.
1261,86,Abou-Ghazi No (ASAE 58 [1964])
1263,23,Abou-Ghazi No (ASAE 58 [1964])
1263,Nefert-niswt,Hassan No.
1263,Nefretnisut,Hassan No.
1264,Neferkhuu & Kaaper,Hassan No.
1264,Ka-'aper & Nefer-Khewew,Hassan No.
1264,114,Abou-Ghazi No (ASAE 58 [1964])
1265,10,Abou-Ghazi No (ASAE 58 [1964])
1265,Nefer-went,Hassan No.
1265,Neferwent,Hassan No.
1265,Wentou-nefer,Hassan No.
1266,Nekhetka,Hassan No.
1266,Nekhet-ka,Hassan No.
1266,136,Abou-Ghazi No (ASAE 58 [1964])
1267,Rakhaefankh,Other No
1268,Ra'-khew-f,Hassan No.
1268,Khew-F-Ra,Other No
1268,Rakhuf,Hassan No.
1268,137,Abou-Ghazi No (ASAE 58 [1964])
1271,LG 59,Lepsius No
1271,L.59,Lepsius No
1271,Lepsius 59,Lepsius No
1290,50,Abou-Ghazi No (ASAE 58 [1964])
1290,Nisankhakhti Ithi,Hassan No.
1290,Ni-se-'ankh-akhty,Hassan No.
1291,Lepsius 60,Lepsius No
1291,L.60,Lepsius No
1291,LG 60,Lepsius No
1293,G 7762a,Alternate Reisner No
1306,159,Abou-Ghazi No (ASAE 58 [1964])
1306,Nest-temaa't,Hassan No.
1306,Nest-tjemat,Hassan No.
1307,Nisutpunetjer,Other No
1307,Netjerpunisut,Other No
1308,Neuserre,Hassan No.
1308,Ny-weser-Ra',Hassan No.
1308,72,Abou-Ghazi No (ASAE 58 [1964])
1309,134,Abou-Ghazi No (ASAE 58 [1964])
1309,Prince Nj... R',Hassan No.
1309,Ni...etre,Hassan No.
1312,Niankh-khnum,Hassan No.
1312,Ny-ankh-Khenmw,Hassan No.
1312,101,Abou-Ghazi No (ASAE 58 [1964])
1313,71,Abou-Ghazi No (ASAE 58 [1964])
1313,Ny-'ankh-Ra',Hassan No.
1313,Niankhre,Hassan No.
1315,Nikauhathor,Hassan No.
1315,Ny-kaw-Hathor,Hassan No.
1315,102,Abou-Ghazi No (ASAE 58 [1964])
1316,Nichet,Junker No
1317,Nimaatre,Junker No
1319,Ni-maat-Re',Hassan No.
1319,Nimaatre & Neferesris,Hassan No.
1319,22,Abou-Ghazi No (ASAE 58 [1964])
1329,Temple of Osiris,Other No
1329,Rock Cut Tomb,Hassan No.
1329,Pedubaste,Other No
1330,Pery-neb,Hassan No.
1330,Perneb,Hassan No.
1330,47,Abou-Ghazi No (ASAE 58 [1964])
1332,Rock Cut Tomb,Hassan No.
1332,Ptahardais,Other No
1334,Fefi Ptahsezefa,Hassan No.
1334,Ptahsedjefa Fefi,Hassan No.
1334,7,Abou-Ghazi No (ASAE 58 [1964])
1336,S 4070,Junker No
1337,S 2116/2119,Junker No
1338,140,Abou-Ghazi No (ASAE 58 [1964])
1338,Rahetep,Hassan No.
1338,Prince Hetep-Ra,Hassan No.
1340,G 2348,Alternate Reisner No
1341,G 2343,Alternate Reisner No
1341,Tjetu,Alternate Reisner No
1342,G 2348 A,Alternate Reisner No
1343,G 2342,Alternate Reisner No
1343,LG 28,Lepsius No
1343,Lepsius 28,Lepsius No
1343,L.28,Lepsius No
1344,G 2344,Alternate Reisner No
1345,G 2342,Alternate Reisner No
1346,G 2345,Alternate Reisner No
1347,G 2346,Alternate Reisner No
1347,G 5525,Alternate Reisner No
1348,G 2349,Alternate Reisner No
1349,G 2358,Alternate Reisner No
1349,G 2341,Alternate Reisner No
1349,G 5543,Alternate Reisner No
1350,G 2358,Alternate Reisner No
1351,G 2358,Alternate Reisner No
1353,G 2347,Alternate Reisner No
1354,G 2359,Alternate Reisner No
1355,G 2359,Alternate Reisner No
1356,G 2357,Alternate Reisner No
1357,G 2357,Alternate Reisner No
1358,LG 35,Lepsius No
1358,L.35,Lepsius No
1358,Lepsius 35,Lepsius No
1359,G 2357,Alternate Reisner No
1360,G 2347,Alternate Reisner No
1361,G 2347a,Alternate Reisner No
1362,G 2347a,Alternate Reisner No
1363,LG 15,Lepsius No
1363,L.15,Lepsius No
1363,Lepsius 15,Lepsius No
1369,L.16,Lepsius No
1369,Lepsius 16,Lepsius No
1369,LG 16,Lepsius No
1369,Tomb of Trades,Other No
1373,G 6025a,Alternate Reisner No
1375,G 6026a,Alternate Reisner No
1379,LG 17,Lepsius No
1379,Lepsius 17,Lepsius No
1379,L.17,Lepsius No
1387,Lepsius 18,Lepsius No
1387,L.18,Lepsius No
1387,LG 18,Lepsius No
1466,G 7000 SE LXX,Alternate Reisner No
1467,G 7000 SE LXXI,Alternate Reisner No
1468,G 7000 SE LXXII,Alternate Reisner No
1469,G 7000 SE LXXIII,Alternate Reisner No
1470,G 7000 SE LXXIV,Alternate Reisner No
1471,G 7000 SE LXXV,Alternate Reisner No
1483,G 7000 SE IX,Alternate Reisner No
1484,G 7000 SE LIII,Alternate Reisner No
1486,G 7000 SE V,Alternate Reisner No
1487,G 7000 SE VI,Alternate Reisner No
1488,G 7000 SE VII,Alternate Reisner No
1489,G 7000 SE VIII,Alternate Reisner No
1490,G 7000 SE XIII,Alternate Reisner No
1491,G 7000 SE XIV,Alternate Reisner No
1492,G 7000 SE XIX,Alternate Reisner No
1493,G 7000 SE XLIV,Alternate Reisner No
1494,G 7000 SE XLVI,Alternate Reisner No
1495,G 7000 SE XLVII,Alternate Reisner No
1496,G 7000 SE XV,Alternate Reisner No
1497,G 7000 SE XVI,Alternate Reisner No
1498,G 7000 SE XVII,Alternate Reisner No
1499,G 7000 SE XVIII,Alternate Reisner No
1500,G 7000 SE XX,Alternate Reisner No
1501,G 7000 SE XXI,Alternate Reisner No
1502,G 7000 SE XXII,Alternate Reisner No
1503,G 7000 SE XXIII,Alternate Reisner No
1504,G 7000 SE XXIV,Alternate Reisner No
1505,G 7000 SE XXV,Alternate Reisner No
1506,G 7000 SE XXVIII,Alternate Reisner No
1507,G 7000 SE XXXV,Alternate Reisner No
1508,G 7000 SE XXXVIII,Alternate Reisner No
1511,Lepsius 57,Lepsius No
1511,L.57,Lepsius No
1511,LG 57,Lepsius No
1512,LG 56,Lepsius No
1512,L.56,Lepsius No
1512,Lepsius 56,Lepsius No
1518,G 7110-7120: G 7110,Alternate Reisner No
1518,G 7110-7120: G 7120,Alternate Reisner No
1518,G 7110,Correct Double Mastaba No
1518,G 7120,Correct Double Mastaba No
1519,G 7111-i; G 7111-ii; G 7111-iii,Alternate Reisner No
1521,G 7130,Correct Double Mastaba No
1521,G 7140,Correct Double Mastaba No
1521,G 7130-7140: G 7130,Alternate Reisner No
1521,G 7130-7140: G 7140,Alternate Reisner No
1523,G 7132-II,Alternate Reisner No
1523,G 7132 I,Alternate Reisner No
1523,G 7132 II,Alternate Reisner No
1523,G 7132-I,Alternate Reisner No
1524,G 7130 X,Alternate Reisner No
1524,G 7130 Y,Alternate Reisner No
1525,G 7130 Z,Alternate Reisner No
1525,G 7130 U,Alternate Reisner No
1526,G 7140 X,Alternate Reisner No
1526,G 7140 Y,Alternate Reisner No
1526,G 7140 Z,Alternate Reisner No
1533,G 7145,Correct Double Mastaba No
1533,G 7147,Correct Double Mastaba No
1535,G 7148,Correct Double Mastaba No
1535,G 7149,Correct Double Mastaba No
1542,G 7244,Correct Double Mastaba No
1542,G 7246,Correct Double Mastaba No
1552,G 7258,Alternate Reisner No
1553,G 7310,Correct Double Mastaba No
1553,G 7320,Correct Double Mastaba No
1553,G 7310-7320: G 7310,Alternate Reisner No
1553,G 7310-7320: G 7320,Alternate Reisner No
1562,G 7331,Correct Double Mastaba No
1562,G 7332,Correct Double Mastaba No
1563,G 7322,NULL
1564,G 7410,Correct Double Mastaba No
1564,G 7420,Correct Double Mastaba No
1564,G 7410-7420: G 7410,Alternate Reisner No
1564,G 7410-7420: G 7420,Alternate Reisner No
1565,L.61,Lepsius No
1565,Lepsius 61,Lepsius No
1565,G 7430,Correct Double Mastaba No
1565,G 7440,Correct Double Mastaba No
1565,LG 61,Lepsius No
1566,G 7450 X,Alternate Reisner No
1581,G 7787a,Alternate Reisner No
1581,G 7787b,Alternate Reisner No
1587,G 7793a,Alternate Reisner No
1592,G 7797a,Alternate Reisner No
1592,G 7797b,Alternate Reisner No
1606,G 7580,Alternate Reisner No
1617,G 7819a,Alternate Reisner No
1618,G 7590,Alternate Reisner No
1675,G 7928,Correct Double Mastaba No
1675,G 7929,Correct Double Mastaba No
1695,G I S,Reisner No
1695,M. I,Junker No
1695,G I S No.1,"Reisner No., alternate spelling"
1696,G I S No.2,Reisner No
1696,M. III,Junker No
1696,G II S,Reisner No
1697,G III S,Reisner No
1697,M. IV,Junker No
1697,G I S No.3,"Reisner No., alternate spelling"
1698,G I S No.6,"Resiner No., alternate spelling"
1698,M. VII,Junker No
1698,G VI S,Reisner No
1699,LG 75,Lepsius No
1699,Tomb of Numbers,Other No
1699,Lepsius 75,Lepsius No
1699,L.75,Lepsius No
1700,M. VIII,Junker No
1700,G VII S,Reisner No
1700,G I S No.7,"Reisner No., alternate spelling"
1701,G I S No.8,"Reisner No., alternate spelling"
1701,G VIII S,Reisner No
1701,M. IX,Junker No
1702,M. X,Junker No
1702,G IX S,Reisner No
1702,G I S No.9,"Reisner No., alternate spelling"
1769,Rock Cut Tomb No. 11,Hassan No.
1769,Hassan No. 11,Other No
1769,147,Abou-Ghazi No (ASAE 58 [1964])
1770,124,Abou-Ghazi No (ASAE 58 [1964])
1770,Akh-Ra',Hassan No.
1770,Hassan No. 4,Other No
1770,Rock Cut Tomb No. 4,Hassan No.
1770,Rock Cut Tomb of Akhre,Hassan No.
1772,Khafre Boat Pits,Hassan No.
1772,91,Abou-Ghazi No (ASAE 58 [1964])
1772,Khafre Boat Grave,Other No
1773,Khafre Pyramid Causeway,Other No
1775,Lepsius VIII,Lepsius No
1775,L.VIII,Lepsius No
1775,2 of Giza (Perring and Vyse),Other No
1775,G II,Alternate Reisner No
1777,Pyramid G II-a,Alternate Reisner No
1777,Khafre Queen's Pyramid a,Alternate Reisner No
1779,Khufu Boat Pits,Hassan No.
1779,Sun-bark Boat Grave,Hassan No.
1779,Khufu Boat Grave,Other No
1780,Khufu Causeway,Other No
1780,Cheops Causeway,Other No
1782,Lepsius IV,Lepsius No
1782,L.IV,Lepsius No
1782,1 of Giza (Perring and Vyse),Other No
1782,G I,Alternate Reisner No
1782,Great Pyramid,Other No
1782,First Pyramid,Other No
1791,LG 10,Lepsius No
1791,L.10,Lepsius No
1792,L.11,Lepsius No
1792,LG 11,Lepsius No
1792,QC 12,Other No
1793,QC 14,Other No
1793,LG 12,Lepsius No
1793,Tomb of Palm-tree Beams,Other No
1793,L.12,Lepsius No
1794,L.13,Lepsius No
1794,LG 13,Lepsius No
1795,LG 19,Lepsius No
1795,L.19,Lepsius No
1796,LG 20,Lepsius No
1796,LG 21,Lepsius No
1796,Lepsius 20,Lepsius No
1796,Lepsius 21,Lepsius No
1796,L.20,Lepsius No
1796,L.21,Lepsius No
1796,LG 20-21,Lepsius No
1797,Men-Hebw,Junker No
1797,G 5610,Alternate Reisner No
1799,LG 33,Lepsius No
1799,S 660/661,Junker No
1799,L.33,Lepsius No
1800,L.38,Lepsius No
1800,LG 38,Lepsius No
1800,Khwm-Hotep,Junker No
1800,S 766,Junker No
1801,Seshemnefer [IV],Junker No
1801,LG 53,Lepsius No
1801,L.53,Lepsius No
1802,L.54,Lepsius No
1802,LG 54,Lepsius No
1802,Hetepheres,Junker No
1803,LG 63,Lepsius No
1803,L.63,Lepsius No
1803,Lepsius 63 x,Lepsius No
1804,Lepsius 64 x,Lepsius No
1804,L.64,Lepsius No
1804,LG 64,Lepsius No
1805,LG 55,Lepsius No
1805,L.55,Lepsius No
1805,Niankhre [II],Junker No
1806,LG 65,Lepsius No
1806,L.65,Lepsius No
1807,L.66,Lepsius No
1807,LG 66,Lepsius No
1808,LG 67,Lepsius No
1808,L.67,Lepsius No
1808,Lepsius 67 x,Lepsius No
1808,Lepsius 67 y,Lepsius No
1809,Lepsius 68 x,Lepsius No
1809,Lepsius 68 y,Lepsius No
1809,Lepsius 68 z,Lepsius No
1809,L.68,Lepsius No
1809,LG 68,Lepsius No
1810,LG 69,Lepsius No
1810,L.69,Lepsius No
1811,L.70,Lepsius No
1811,LG 70,Lepsius No
1812,LG 71,Lepsius No
1812,L.71,Lepsius No
1814,L.72,Lepsius No
1814,LG 72,Lepsius No
1815,LG 73,Lepsius No
1815,L.73,Lepsius No
1816,LG 74,Lepsius No
1816,L.74,Lepsius No
1817,L.76,Lepsius No
1817,LG 76,Lepsius No
1818,LG 77,Lepsius No
1818,L.77,Lepsius No
1819,L.78,Lepsius No
1819,LG 78,Lepsius No
1820,LG 79,Lepsius No
1820,L.79,Lepsius No
1821,L.80,Lepsius No
1821,LG 80,Lepsius No
1821,Lepsius 80,Lepsius No
1822,Lepsius 81,Lepsius No
1822,LG 81,Lepsius No
1822,L.81,Lepsius No
1823,L.83,Lepsius No
1823,LG 83,Lepsius No
1823,Lepsius 83,Lepsius No
1824,Lepsius 84,Lepsius No
1824,Campbell's Tomb,Other No
1824,LG 84,Lepsius No
1824,L.84,Lepsius No
1825,L.86,Lepsius No
1825,LG 86,Lepsius No
1825,74,Abou-Ghazi No (ASAE 58 [1964])
1825,Neb-em-akhet,Hassan No.
1825,Lepsius 86,Lepsius No
1826,Ankhemsaf,Hassan No.
1826,'Ankh-em-sa-ef,Hassan No.
1826,100,Abou-Ghazi No (ASAE 58 [1964])
1827,Ankhmare (2),Other No
1828,Prince 'Ankh-ma-Ra',Hassan No.
1828,Ankhmare (1),Hassan No.
1828,99,Abou-Ghazi No (ASAE 58 [1964])
1829,LG 87,Lepsius No
1829,L.87,Lepsius No
1829,Lepsius 87,Lepsius No
1830,Lepsius 88,Lepsius No
1830,L.88,Lepsius No
1830,LG 88,Lepsius No
1831,LG 89,Lepsius No
1831,L.89,Lepsius No
1831,75,Abou-Ghazi No (ASAE 58 [1964])
1831,Lepsius 89,Lepsius No
1831,Sekhem-ka-Ra',Hassan No.
1832,Debehen,Hassan No.
1832,Lepsius 90,Lepsius No
1832,77,Abou-Ghazi No (ASAE 58 [1964])
1832,L.90,Lepsius No
1832,LG 90,Lepsius No
1832,Tomb of Hammed es-Samaan,Other No
1833,LG 91,Lepsius No
1833,L.91,Lepsius No
1833,73,Abou-Ghazi No (ASAE 58 [1964])
1833,Lepsius 91,Lepsius No
1833,Ny-kaw-her,Hassan No.
1834,Prince Iwn-Mn.w,Hassan No.
1834,Lepsius 92,Lepsius No
1834,Iwn-Mn.w,Hassan No.
1834,130,Abou-Ghazi No (ASAE 58 [1964])
1834,L.92,Lepsius No
1834,LG 92,Lepsius No
1835,LG 93,Lepsius No
1835,L.93,Lepsius No
1835,Lepsius 93,Lepsius No
1836,Lepsius 94,Lepsius No
1836,Ra'-wer III,Hassan No.
1836,L.94,Lepsius No
1836,LG 94,Lepsius No
1836,87,Abou-Ghazi No (ASAE 58 [1964])
1837,81,Abou-Ghazi No (ASAE 58 [1964])
1837,LG 95,Lepsius No
1837,L.95,Lepsius No
1837,Werkhww,Hassan No.
1837,Lepsius 95,Hassan No.
1838,Lepsius 96,Lepsius No
1838,Ka-meni,Hassan No.
1838,L.96,Lepsius No
1838,LG 96,Lepsius No
1838,62,Abou-Ghazi No (ASAE 58 [1964])
1839,51,Abou-Ghazi No (ASAE 58 [1964])
1839,LG 99,Lepsius No
1839,L.99,Lepsius No
1839,Nefer,Hassan No.
1839,Lepsius 99,Lepsius No
1840,Lepsius 100,Lepsius No
1840,Khentkaus [I],Hassan No.
1840,Pyramid Complex of Queen Khent-kawes,Hassan No.
1840,Khentkaus Pyramid,NULL
1840,L.100,Lepsius No
1840,LG 100,Lepsius No
1840,66,Abou-Ghazi No (ASAE 58 [1964])
1840,67,Abou-Ghazi No (ASAE 58 [1964])
1840,68,Abou-Ghazi No (ASAE 58 [1964])
1840,69,Abou-Ghazi No (ASAE 58 [1964])
1841,31,Abou-Ghazi No (ASAE 58 [1964])
1841,Family Tomb of Ka-em-nefert,Hassan No.
1841,Kaemnefret Complex,Hassan No.
1843,Akhethetep (2),Other No
1845,Akhethetep (1),Hassan No.
1845,Akhet-hetep,Hassan No.
1845,3,Abou-Ghazi No (ASAE 58 [1964])
1848,44,Abou-Ghazi No (ASAE 58 [1964])
1848,'Ankh-ha-f Kar,Hassan No.
1848,Ankh-haf Qar,Hassan No.
1849,Ankhtef,Hassan No.
1849,'Ankh-tef,Hassan No.
1849,80,Abou-Ghazi No (ASAE 58 [1964])
1852,Itj,Junker No
1852,Ankhuza,Other No
1853,142,Abou-Ghazi No (ASAE 58 [1964])
1853,Prince Khnwm-ba-f,Hassan No.
1853,Babaef,Hassan No.
1855,G 5232 A  per WSS ?,Alternate Reisner No
1856,46,Abou-Ghazi No (ASAE 58 [1964])
1856,Bunefer,Hassan No.
1856,Bw-nefer,Hassan No.
1857,Tomb C,Other No
1858,S 2362/2382,Junker No
1858,smr N.N. of Junker,Junker No
1859,33,Abou-Ghazi No (ASAE 58 [1964])
1859,Dag,Hassan No.
1861,Der-semat,Hassan No.
1861,Dersemat,Hassan No.
1861,65,Abou-Ghazi No (ASAE 58 [1964])
1863,161,Abou-Ghazi No (ASAE 58 [1964])
1863,Duare,Hassan No.
1863,Dwa-Ra',Hassan No.
1864,Tomb H,Other No
1864,Sarcophagus Rock-Tomb "H",Other No
1865,Har,Other No
1867,Hekni-khnwm,Hassan No.
1867,Heknikhnum,Hassan No.
1867,138,Abou-Ghazi No (ASAE 58 [1964])
1868,106,Abou-Ghazi No (ASAE 58 [1964])
1868,Hemetre,Hassan No.
1868,Princess Hemet-Ra',Hassan No.
1869,Hemw & Shepses-ka-ef-'Ankh,Hassan No.
1869,Hemu,Hassan No.
1869,105,Abou-Ghazi No (ASAE 58 [1964])
1871,54,Abou-Ghazi No (ASAE 58 [1964])
1871,Hesi & Niankh-hathor,Hassan No.
1871,Hesi,Hassan No.
1871,Hesy & Ni-'ankh-Hathor,Hassan No.
1875,Hetepy,Hassan No.
1875,Hetepi (3),Hassan No.
1875,139,Abou-Ghazi No (ASAE 58 [1964])
1883,QC 7,Other No
1884,70,Abou-Ghazi No (ASAE 58 [1964])
1884,Imaneit,Hassan No.
1884,Iamam-Neith,Hassan No.
1885,Imby,Hassan No.
1885,5,Abou-Ghazi No (ASAE 58 [1964])
1886,97,Abou-Ghazi No (ASAE 58 [1964])
1886,In-Ka-ef the Priest,Hassan No.
1886,Inkaef (1),Hassan No.
1889,Irenakhet Complex,Hassan No.
1889,Iry-n-akhet,Hassan No.
1889,Ka-m-nefert,Hassan No.
1889,98,Abou-Ghazi No (ASAE 58 [1964])
1889,115,Abou-Ghazi No (ASAE 58 [1964])
1890,Irienre,Junker No
1890,Irenre,Junker No
1891,Irerw,Hassan No.
1891,Ireru,Hassan No.
1891,43,Abou-Ghazi No (ASAE 58 [1964])
1893,131,Abou-Ghazi No (ASAE 58 [1964])
1893,Irsekhu,Hassan No.
1893,Ir-sekhw,Hassan No.
1896,S 9,Junker No
1897,Ithu,Other No
1899,90,Abou-Ghazi No (ASAE 58 [1964])
1899,Tesen,Hassan No.
1899,Itisen (2),Hassan No.
1900,Ity,Hassan No.
1900,132,Abou-Ghazi No (ASAE 58 [1964])
1902,4,Abou-Ghazi No (ASAE 58 [1964])
1902,Iy,Hassan No.
1906,Ka-'aper,Hassan No.
1906,Kaaper,Hassan No.
1906,29,Abou-Ghazi No (ASAE 58 [1964])
1907,89,Abou-Ghazi No (ASAE 58 [1964])
1907,Kadebhen,Hassan No.
1907,Ka-debehen,Hassan No.
1908,Ka-dwa,Hassan No.
1908,Kadua,Hassan No.
1908,118,Abou-Ghazi No (ASAE 58 [1964])
1909,113,Abou-Ghazi No (ASAE 58 [1964])
1909,Kahersetef (1),Hassan No.
1909,Kay-her-set.ef,Hassan No.
1910,Kay-her-set.ef,Hassan No.
1910,Kahersetef (2),Hassan No.
1910,160,Abou-Ghazi No (ASAE 58 [1964])
1911,61,Abou-Ghazi No (ASAE 58 [1964])
1911,Kai (1),Hassan No.
1911,Kay,Hassan No.
1912,Ka-kay-'ankh,Hassan No.
1912,Kakaiankh,Hassan No.
1912,117,Abou-Ghazi No (ASAE 58 [1964])
1913,32,Abou-Ghazi No (ASAE 58 [1964])
1913,Kakhernisut,Hassan No.
1913,Ka-kher-niswt,Hassan No.
1914,Kaninisut III,Junker No
1914,Kaninisut [III],Junker No
1916,Kar,Hassan No.
1916,112,Abou-Ghazi No (ASAE 58 [1964])
1917,116,Abou-Ghazi No (ASAE 58 [1964])
1917,Kaseuza,Other No
1917,Kay-swa-zaw,Hassan No.
1917,Kasewedja,Hassan No.
1919,Kaunisut,Hassan No.
1919,Kaw-niswt,Hassan No.
1919,30,Abou-Ghazi No (ASAE 58 [1964])
1920,157,Abou-Ghazi No (ASAE 58 [1964])
1920,Wesert-ka,Hassan No.
1920,Kausert,Hassan No.
1921,Kebenwenthet & Ity,Other No
1923,85,Abou-Ghazi No (ASAE 58 [1964])
1923,Kednes (1),Hassan No.
1923,Nisw-ked,Hassan No.
1923,Ny-sw-kid,Hassan No.
1924,Nisw-ked,Hassan No.
1924,Ny-sw-kid,Hassan No.
1924,Kednes (2),Hassan No.
1924,28,Abou-Ghazi No (ASAE 58 [1964])
1925,Khabauptah,Other No
1926,Khamerernebty [II],Hassan No.
1926,Galarza Tomb,Other No
1928,107,Abou-Ghazi No (ASAE 58 [1964])
1928,Khent,Hassan No.
1930,Khenu (3),Other No
1931,Khenw,Hassan No.
1931,Khenu (1),Hassan No.
1931,25,Abou-Ghazi No (ASAE 58 [1964])
1932,56,Abou-Ghazi No (ASAE 58 [1964])
1932,Khenu (2),Hassan No.
1932,Khenw,Hassan No.
1934,Re'-wer,Hassan No.
1934,Rawer (2),Hassan No.
1934,12,Abou-Ghazi No (ASAE 58 [1964])
1935,11,Abou-Ghazi No (ASAE 58 [1964])
1935,Rawer (1),Hassan No.
1935,Re'-wer,Hassan No.
1937,Queen Rekhit-Ra',Hassan No.
1937,Rekhetre,Hassan No.
1937,103,Abou-Ghazi No (ASAE 58 [1964])
1938,24,Abou-Ghazi No (ASAE 58 [1964])
1938,Remenuka Imi,Hassan No.
1938,Remenwka Imy,Hassan No.
1939,Renpet-nefer,Hassan No.
1939,Renpetnefer,Hassan No.
1939,53,Abou-Ghazi No (ASAE 58 [1964])
1940,104,Abou-Ghazi No (ASAE 58 [1964])
1940,Ruzka,Hassan No.
1940,Rudjka,Hassan No.
1940,Rdw-ka & In-Ka-ef,Hassan No.
1941,Se'ankhw,Hassan No.
1941,Sankhuwi,Hassan No.
1941,57,Abou-Ghazi No (ASAE 58 [1964])
1942,59,Abou-Ghazi No (ASAE 58 [1964])
1942,Sedhetep,Hassan No.
1942,Sed-hetep,Hassan No.
1944,Sekhem-Ka,Hassan No.
1944,Sekhemka,Hassan No.
1944,110,Abou-Ghazi No (ASAE 58 [1964])
1945,76,Abou-Ghazi No (ASAE 58 [1964])
1945,Sekhentiuka,Hassan No.
1945,Sekhent-ka-hor,Hassan No.
1946,Sekhem-'ankh-Ptah & Nisw-wesert,Hassan No.
1946,Sekhemankhptah,Hassan No.
1946,26,Abou-Ghazi No (ASAE 58 [1964])
1946,Sekhemankhptah & Nisu-usert,Hassan No.
1948,109,Abou-Ghazi No (ASAE 58 [1964])
1948,Senebuka,Hassan No.
1948,Senebw-Ka,Hassan No.
1950,ABC 410,CBE (Brovarski) No.
1952,Mastaba of Neferihy,Other No
1952,Neferihy,NULL
1953,Seshemnefer (1),Hassan No.
1953,Seshem-nefer,Hassan No.
1953,111,Abou-Ghazi No (ASAE 58 [1964])
1954,96,Abou-Ghazi No (ASAE 58 [1964])
1954,Seshemnefer Ifi (1),Hassan No.
1954,Seshem-nefer Ifi,Hassan No.
1955,Seshemnefer (2),Hassan No.
1955,Nefer-seshem,Hassan No.
1955,52,Abou-Ghazi No (ASAE 58 [1964])
1956,143,Abou-Ghazi No (ASAE 58 [1964])
1956,Seshem-nefer Ifi,Hassan No.
1956,Seshemnefer Ifi (2),Hassan No.
1958,Seshemnufer-Theti,Other No
1959,58,Abou-Ghazi No (ASAE 58 [1964])
1959,Seshemu,Hassan No.
1959,Seshemw,Hassan No.
1960,S 480/482,Junker No
1960,Seshethotp [II],Other No
1962,17,Abou-Ghazi No (ASAE 58 [1964])
1962,Tomb of Shaft 294,Other No
1962,Mastaba of Shaft 294,Hassan No.
1963,Mastaba of Shaft 35,Hassan No.
1963,1,Abou-Ghazi No (ASAE 58 [1964])
1963,Tomb of Shaft 35,Other No
1964,S 568,Hassan No.
1965,Shaft 89,Hassan No.
1965,S 89,Hassan No.
1966,60,Abou-Ghazi No (ASAE 58 [1964])
1966,Shepses-akhty,Hassan No.
1966,Shepsesankhti,Hassan No.
1967,Tomb E,Other No
1967,Mastaba E,Hassan No.
1967,36,Abou-Ghazi No (ASAE 58 [1964])
1968,37,Abou-Ghazi No (ASAE 58 [1964])
1968,Mastaba F,Hassan No.
1968,Tomb F,Other No
1969,Tomb G,Other No
1969,Mastaba G,Hassan No.
1969,38,Abou-Ghazi No (ASAE 58 [1964])
1970,27,Abou-Ghazi No (ASAE 58 [1964])
1970,Shepses-ka-f-'ankh,Hassan No.
1970,Shepseskafankh,Hassan No.
1972,Shepsipuptah,Other No
1976,Sema-ankh,Hassan No.
1976,Sema-'ankh,Hassan No.
1976,108,Abou-Ghazi No (ASAE 58 [1964])
1978,M. of Sokarihotp,Other No
1980,88,Abou-Ghazi No (ASAE 58 [1964])
1980,Swf,Hassan No.
1980,Suf,Hassan No.
1982,Tepaseneb,Other No
1982,ABC 350,CBE (Brovarski) No.
1983,Teti,Hassan No.
1983,Ity,Hassan No.
1983,119,Abou-Ghazi No (ASAE 58 [1964])
1984,Thena,Junker No
1985,Thentet,Other No
1989,63,Abou-Ghazi No (ASAE 58 [1964])
1989,Thererw,Hassan No.
1989,Tjereru,Hassan No.
1991,Thesti,Hassan No.
1991,Thesty,Hassan No.
1991,64,Abou-Ghazi No (ASAE 58 [1964])
1993,Tomb with Three Pillars,Other No
1994,34,Abou-Ghazi No (ASAE 58 [1964])
1994,Tomb C,Other No
1994,Mastaba C,Hassan No.
1995,Mastaba H,Hassan No.
1995,Tomb H,Other No
1995,39,Abou-Ghazi No (ASAE 58 [1964])
1996,40,Abou-Ghazi No (ASAE 58 [1964])
1996,Tomb I,Other No
1996,Mastaba I,Hassan No.
1997,Tomb of Uninscribed (F-5),Other No
1998,Near G 7948,Other No
1999,Mastaba T,Petrie No.
2000,Mastaba No. 26,Hassan No.
2000,92,Abou-Ghazi No (ASAE 58 [1964])
2000,Name Unknown (C-6),Other No
2001,Name Unknown (C-6/7),Other No
2001,93,Abou-Ghazi No (ASAE 58 [1964])
2001,Mastaba No. 27,Hassan No.
2002,Unfinished Rock-Cut Tomb,Hassan No.
2002,Unfinished Rock Tomb,Hassan No.
2002,Rock Cut Tomb (PM C-7/8),Other No
2002,Rock Cut Tomb (Hassan R/S-9/10),Hassan No.
2002,78,Abou-Ghazi No (ASAE 58 [1964])
2002,Name Unknown (C-7/8),Other No
2003,Name Unknown (D-6),Other No
2003,79,Abou-Ghazi No (ASAE 58 [1964])
2003,Uninscribed Rock-Cut Tomb No. 14,Hassan No.
2003,Rock Cut Tomb No. 14,Hassan No.
2004,Inspector of the Artisans of the Wabt Workshop,Hassan No.
2004,Name Unknown (E-10),Other No
2004,Inspector of Artisans,Hassan No.
2004,155,Abou-Ghazi No (ASAE 58 [1964])
2005,127,Abou-Ghazi No (ASAE 58 [1964])
2005,Mastaba No. 6,Hassan No.
2005,Name Unknown (F-2),Other No
2006,Name Unknown Female (F-2),Other No
2006,Mastaba of the Princess,Hassan No.
2006,120,Abou-Ghazi No (ASAE 58 [1964])
2006,Mastaba of Daughter of Khephren,Hassan No.
2007,129,Abou-Ghazi No (ASAE 58 [1964])
2007,Name Unknown (F-3),Other No
2007,Mastaba South of the Pillared Mastaba,Hassan No.
2007,Mastaba No. 16,Hassan No.
2008,Rock Tomb No. 5,Hassan No.
2008,Name Unknown (PM G-1),Other No
2008,125,Abou-Ghazi No (ASAE 58 [1964])
2009,User (1),Other No
2010,User (2),Hassan No.
2010,Weser,Hassan No.
2010,6,Abou-Ghazi No (ASAE 58 [1964])
2011,156,Abou-Ghazi No (ASAE 58 [1964])
2011,Wash-Dwaw,Hassan No.
2011,Washduau,Hassan No.
2012,Washptah (3),Other No
2013,Washptah (2),Hassan No.
2013,Wash-Ptah,Hassan No.
2013,19,Abou-Ghazi No (ASAE 58 [1964])
2014,45,Abou-Ghazi No (ASAE 58 [1964])
2014,Wash-Ptah,Hassan No.
2014,Washptah (1),Hassan No.
2017,Wepemnefret Wep,Hassan No.
2017,Wep-em-nefert Wep,Hassan No.
2017,20,Abou-Ghazi No (ASAE 58 [1964])
2019,G 7810 X,Alternate Reisner No
2021,Wetetj-hetep,Hassan No.
2021,Weteth-hetep,Hassan No.
2021,21,Abou-Ghazi No (ASAE 58 [1964])
2022,95,Abou-Ghazi No (ASAE 58 [1964])
2022,Prince Iwn-Ra',Hassan No.
2022,Iuenre,Hassan No.
2023,Djedi,Hassan No.
2023,Deda,Hassan No.
2023,Zadi,Hassan No.
2023,14,Abou-Ghazi No (ASAE 58 [1964])
2024,Djednefret,Junker No
2025,Zefa-nesut,Hassan No.
2025,Djefanisut,Hassan No.
2025,13,Abou-Ghazi No (ASAE 58 [1964])
2026,Mycerinus Causeway,Other No
2028,G III Temple,Alternate Reisner No
2028,Mycerinus Pyramid Temple,Other No
2029,Mycerinus Quarry,Other No
2029,MQ,Alternate Reisner No
2029,Menkaure Quarry Cemetery,Alternate Reisner No
2035,Mycerinus Valley Temple,Other No
2035,G III Valley Temple,Alternate Reisner No
2036,MQ 137,Alternate Reisner No
2043,Resthouse of Tutankhamen,Other No
2054,Itiu,Junker No
2055,S 4248/4321,Junker No
2074,Service tomb 1,Reisner No
2075,Service tomb 2,Reisner No
2075,Service tomb 7,Fakhry No.
2076,Service tomb 4,Reisner No
2077,Service tomb 5,Reisner No
2078,Service tomb 6,Reisner No
2078,Service tomb 6,Fakhry No.
2079,Service tomb 5,Fakhry No.
2079,Service tomb 7,Reisner No
2080,Great Sphinx,Other No
2080,144,Abou-Ghazi No (ASAE 58 [1964])
2081,Sphinx Temple,Other No
2082,Temple of Amenhetep II,Hassan No.
2082,Temple of Hauron-Haremakhet,Other No
2083,Chapel of Tuthmosis I,Other No
2083,Temple of Thutmose I,Hassan No.
2084,Queens Street,Other No
2093,Temple of Isis Mistress-of-the-Pyramid,Other No
2097,D 12 a,Other No
2097,D 12 b,Other No
2097,D 12 c,Other No
2097,D 12 d,Other No
2100,Mastaba I,Alternate Reisner No
2102,G 4770,Alternate Reisner No
2102,VIInn,Junker No
2103,G 2193,Correct Double Mastaba No
2103,G 2194,Correct Double Mastaba No
2123,S 2152/2156,Junker No
2126,S 894,Junker No
2138,G 7000 SE I,Alternate Reisner No
2139,G 7000 SE III,Alternate Reisner No
2140,G 7000 SE IV,Alternate Reisner No
2182,G 7610,Correct Double Mastaba No
2182,G 7620,Correct Double Mastaba No
2205,G 7711a,Alternate Reisner No
2212,G 7776a,Alternate Reisner No
2222,G 7837,Correct Double Mastaba No
2222,G 7843,Correct Double Mastaba No
2229,G IV S,Reisner No
2229,Mastaba V,Junker No
2229,Niankhre,Junker No
2229,L.52,Lepsius No
2229,LG 52,Lepsius No
2229,G I S No.4,"Reisner No., alternate spelling"
2230,G I S No.5,"Reisner No., alternate spelling"
2230,M. VI,Junker No
2230,G V S,Reisner No
2231,152,Abou-Ghazi No (ASAE 58 [1964])
2231,Kawehem,Hassan No.
2231,Kay-whemw,Hassan No.
2232,Hassan No. 7,Other No
2232,Rock Cut Tomb No. 7,Hassan No.
2232,Rock Cut Tomb of Inkaef,Hassan No.
2232,Inkaf,Hassan No.
2232,151,Abou-Ghazi No (ASAE 58 [1964])
2233,145,Abou-Ghazi No (ASAE 58 [1964])
2233,Rock Cut Tomb No. 9,Hassan No.
2233,Hassan No. 9,Other No
2234,L.62,Lepsius No
2234,LG 62,Lepsius No
2235,LG 97,Lepsius No
2235,L.97,Lepsius No
2235,Lepsius 97,Lepsius No
2236,Lepsius 98,Lepsius No
2236,L.98,Lepsius No
2236,LG 98,Lepsius No
2237,LG 101,Lepsius No
2237,L.101,Lepsius No
2238,L.102,Lepsius No
2238,LG 102,Lepsius No
2241,Iunes,Hassan No.
2242,Kai (2),Other No
2244,Nisukedu,Junker No
2246,Khakauptah,Other No
2247,S 2530/2531,Junker No
2248,Merkhufu,Other No
2253,Thaiharpata,Other No
2266,Service tomb 3,Reisner No
2267,Service tomb 8,Reisner No
2267,Service tomb 4,Fakhry No.
2268,Service tomb 9,Reisner No
2268,Service tomb 3,Fakhry No.
2269,Service tomb 10,Reisner No
2269,Service tomb 2,Fakhry No.
2270,Service tomb 11,Reisner No
2270,Service tomb 1,Fakhry No.
2271,Service tomb 12,Reisner No
2272,Service tomb 13,Reisner No
2273,Service tomb 14,Reisner No
2274,Service tomb 15,Reisner No
2275,Service tomb 16,Reisner No
2276,Service tomb 17,Reisner No
2277,Service tomb 18,Reisner No
2278,Service tomb 19,Reisner No
2293,Western Cemetery Enclosure Wall,Alternate Reisner No
2293,Perimeter Wall,Alternate Reisner No
2293,Western Cemetery Perimeter Wall,Alternate Reisner No
2294,Khafre Mortuary Temple,Other No
2295,Pyramid G III-a,Alternate Reisner No
2295,Menkaure Queen's Pyramid a,Alternate Reisner No
2295,5 of Giza (Perring and Vyse),Other No
2295,Lepsius XII,Lepsius No
2295,L.XII,Lepsius No
2296,Lepsius XII,Lepsius No
2296,L.XII,Lepsius No
2296,MQT,Alternate Reisner No
2296,Menkaure Queen's Pyramid a Temple,Alternate Reisner No
2297,L.V,Lepsius No
2297,Lepsius V,Lepsius No
2297,Khufu Queen's Pyramid a,Alternate Reisner No
2297,7 of Giza,Other No
2297,Pyramid G I-a,Alternate Reisner No
2298,Lepsius VI,Lepsius No
2298,Khufu Queen's Pyramid b,Alternate Reisner No
2298,Pyramid I-b,Alternate Reisner No
2298,8 of Giza,Other No
2298,L.VI,Lepsius No
2299,L.VII,Lepsius No
2299,Pyramid I-c,Alternate Reisner No
2299,9 of Giza,Other No
2299,Khufu Queen's Pyramid c,Alternate Reisner No
2299,Lepsius VII,Lepsius No
2300,Khufu Queen's Pyramid b Temple,Alternate Reisner No
2300,L.VI,Lepsius No
2300,Lepsius VI,Lepsius No
2300,G I-b chapel,Alternate Reisner No
2304,Khufu Cult Pyramid d,Alternate Reisner No
2305,Khufu Queen's Pyramid e,Alternate Reisner No
2305,Pyramid G I-e,Alternate Reisner No
2305,Trial Passages,Other No
2393,G 2029,Alternate Reisner No
2396,G 2021a,Alternate Reisner No
2396,G 2021b,Alternate Reisner No
2396,G 2021c,Alternate Reisner No
2398,G 2027a,Alternate Reisner No
2398,G 2027b,Alternate Reisner No
2399,G 2035a,Alternate Reisner No
2399,G 2035b,Alternate Reisner No
2399,G 2035c,Alternate Reisner No
2401,G 2037a,Alternate Reisner No
2401,G 2037b,Alternate Reisner No
2402,G 2038a,Alternate Reisner No
2402,G 2038b,Alternate Reisner No
2402,G 2038c,Alternate Reisner No
2402,G 2038d,Alternate Reisner No
2402,G 2038e,Alternate Reisner No
2478,G 4414a,Alternate Reisner No
2478,G 4414b,Alternate Reisner No
2529,G 7000 SE LXII,Alternate Reisner No
2531,G 7000 SE XLI,Alternate Reisner No
2532,G 7000 SE XXIX,Alternate Reisner No
2559,G 7000 SW XXXV,Alternate Reisner No
2566,G 7000 SW VI,Alternate Reisner No
2567,G 7000 SW VIII,Alternate Reisner No
2573,G 7100 SW I,Alternate Reisner No
2574,G 7100 SW V,Alternate Reisner No
2593,G 7144-I,Alternate Reisner No
2593,G 7144-II,Alternate Reisner No
2593,G 7144-III,Alternate Reisner No
2593,G 7144-IV,Alternate Reisner No
2623,G 7330,Correct Double Mastaba No
2623,G 7340,Correct Double Mastaba No
2623,G 7330-7340: G 7330,Alternate Reisner No
2623,G 7330-7340: G 7340,Alternate Reisner No
2688,Street G 7600,Alternate Reisner No
2689,Street G 7600,Alternate Reisner No
2690,Street G 7600,Alternate Reisner No
2691,Street G 7600,Alternate Reisner No
2702,G 7692a,Alternate Reisner No
2702,G 7692b+c,Alternate Reisner No
2702,G 7692b,Alternate Reisner No
2702,G 7692c,Alternate Reisner No
2715,G 7801a,Alternate Reisner No
2715,G 7801b,Alternate Reisner No
2715,G 7801c,Alternate Reisner No
2716,G 7808a,Alternate Reisner No
2716,G 7808b,Alternate Reisner No
2717,G 7811,Alternate Reisner No
2717,G 7812,Alternate Reisner No
2718,G 7813,Alternate Reisner No
2718,G 7812a,Alternate Reisner No
2718,G 7812,Alternate Reisner No
2719,G 7816a-b,Alternate Reisner No
2719,G 7816c,Alternate Reisner No
2722,G 7912a,Alternate Reisner No
2722,G 7912b,Alternate Reisner No
2723,G 7915a,Alternate Reisner No
2723,G 7915b,Alternate Reisner No
2723,G 7915c,Alternate Reisner No
2724,G 7924a,Alternate Reisner No
2724,G 7924b,Alternate Reisner No
2725,G 7927a,Alternate Reisner No
2725,G 7927b,Alternate Reisner No
2728,G 7931a,Alternate Reisner No
2728,G 7931b,Alternate Reisner No
2729,G 7938a,Alternate Reisner No
2729,G 7938b,Alternate Reisner No
2730,G 7947a,Alternate Reisner No
2730,G 7947b,Alternate Reisner No
2737,L.X,Lepsius No
2737,Pyramid G III-c,Alternate Reisner No
2737,6 of Giza (Perring and Vyse),Other No
2737,Lepsius X,Lepsius No
2737,Menkaure Queen's Pyramid c,Alternate Reisner No
2750,Khufu Mortuary Temple,Other No
2796,G III,Other No
2796,Mycerinus Pyramid,Other No
2796,3 of Giza (Perring and Vyse),Other No
2796,Lepsius IX,Lepsius No
2796,L.IX,Lepsius No
2870,World War I Comentary,Alternate Reisner No
2872,Street G 7600,Alternate Reisner No
2873,Street G 7600,Alternate Reisner No
2874,Street G 7600,Alternate Reisner No
2875,Street G 7600,Alternate Reisner No
2877,4 of Giza (Perring and Vyse),Other No
2877,Pyramid G III-b,Alternate Reisner No
2877,Menkaure Queen's Pyramid b,Alternate Reisner No
2877,Lepsius XI,Lepsius No
2877,L.XI,Lepsius No
2878,L.XI,Lepsius No
2878,Lepsius XI,Lepsius No
2878,Menkaure Queen's Pyramid b Temple,Alternate Reisner No
2879,Menkaure Queen's Pyramid c Temple,Alternate Reisner No
2879,Lepsius X,Lepsius No
2879,L.X,Lepsius No
2886,G 1174 X,Alternate Reisner No
2887,G 1174 Y,Alternate Reisner No
2894,G 2028,Alternate Reisner No
2895,G 2029,Alternate Reisner No
2899,G 7100 SW II,Alternate Reisner No
2900,G 7000 E IX,Alternate Reisner No
2901,G 7000 E XXVII,Alternate Reisner No
2902,G 7000 SE XXXVII,Alternate Reisner No
2908,G 7000 SE XLII,Alternate Reisner No
2909,G 7000 SW II,Alternate Reisner No
2910,G 7000 SW III,Alternate Reisner No
2911,G 7000 SW IV,Alternate Reisner No
2912,G 7000 SW V,Alternate Reisner No
2913,G 7000 SW XXIV,Alternate Reisner No
2914,G 7000 SW XXIX,Alternate Reisner No
2915,G 7000 SW XXVIII,Alternate Reisner No
2916,G 7000 SW XXXIII,Alternate Reisner No
2917,G 7000 SW XXXVII,Alternate Reisner No
2917,Ptol. 37,NULL
3011,G 7000 SW XXVI,Alternate Reisner No
3012,G 7000 SW XXXIV,Alternate Reisner No
3013,G 7000 SW XXXVI,Alternate Reisner No
3046,Street I,Junker No
3048,G 7000 E VI,Alternate Reisner No
3049,G 7000 SE LXIX,Alternate Reisner No
3091,G 7000 E XXXIII,Alternate Reisner No
3092,G 7000 E XXXII,Alternate Reisner No
3093,G 7000 E XXXI,Alternate Reisner No
3094,G 7000 E XXX,Alternate Reisner No
3095,G 7000 E XXIX,Alternate Reisner No
3096,G 7000 E XXVIII,Alternate Reisner No
3099,G 7000 SE XLV,Alternate Reisner No
3100,G 7000 SE XLIII,Alternate Reisner No
3101,G 7000 SE L,Alternate Reisner No
3102,G 7000 SE LI,Alternate Reisner No
3103,G 7000 SE LII,Alternate Reisner No
3104,G 7000 SE LIV,Alternate Reisner No
3105,G 7000 SE LV,Alternate Reisner No
3106,G 7000 SE LVI,Alternate Reisner No
3107,G 7000 SE LVII,Alternate Reisner No
3108,G 7000 SE LVIII,Alternate Reisner No
3109,G 7000 SE LIX,Alternate Reisner No
3110,G 7000 SE LX,Alternate Reisner No
3111,G 7000 SE LXI,Alternate Reisner No
3112,G 7000 SE LXIII,Alternate Reisner No
3113,G 7000 SE LXIV,Alternate Reisner No
3114,G 7000 SE LXV,Alternate Reisner No
3115,G 7000 SE LXVI,Alternate Reisner No
3116,G 7000 SE LXVII,Alternate Reisner No
3117,G 7000 SE LXVIII,Alternate Reisner No
3144,Silo 181,Alternate Reisner No
3145,Silo 182,Alternate Reisner No
3146,Silo 184,Alternate Reisner No
3147,Silo 185,Alternate Reisner No
3148,Silo 189,Alternate Reisner No
3149,Silo 191,Alternate Reisner No
3150,Silo 192,Alternate Reisner No
3151,Silo 194,Alternate Reisner No
3152,Silo 196,Alternate Reisner No
3153,Silo 197,Alternate Reisner No
3154,Silo 199,Alternate Reisner No
3155,Silo 200,Alternate Reisner No
3156,Silo 201,Alternate Reisner No
3157,Silo 202,Alternate Reisner No
3158,Silo 203,Alternate Reisner No
3159,L.14,Lepsius No
3159,LG 14,Lepsius No
3160,G 2100 Pit 20,Alternate Reisner No
3161,G 2100 Pit 21,Alternate Reisner No
3162,G 2100 Pit 23,Alternate Reisner No
3163,G 2100 Pit 24,Alternate Reisner No
3164,G 2100 Pit 28,Alternate Reisner No
3165,G 2100 Pit 42,Alternate Reisner No
3166,G 2100 Pit 47,NULL
3167,G 2100 Pit 48,Alternate Reisner No
3168,Street II,Junker No
3169,Street III,Junker No
3171,G 7000 SE XXXIX,Alternate Reisner No
3172,G 7000 SE XL,Alternate Reisner No
3173,G 7000 SE XXVI,Alternate Reisner No
3174,G 7000 SE XXVII,Alternate Reisner No
3175,G 7000 SE XXX,Alternate Reisner No
3176,G 7000 SE XXXI,Alternate Reisner No
3177,G 7000 SE XXXII,Alternate Reisner No
3178,G 7000 SE XXXIII,Alternate Reisner No
3179,G 7000 SE XXXIV,Alternate Reisner No
3180,G 7000 SE XXXVI,Alternate Reisner No
3181,G 7000 SE XLVIII,Alternate Reisner No
3182,G 7000 SE XLIX,Alternate Reisner No
3185,G 7000 E XIII,Alternate Reisner No
3186,G 7000 E XIV,Alternate Reisner No
3187,G 7000 E XV,Alternate Reisner No
3188,G 7000 E XVI,Alternate Reisner No
3189,G 7000 E XVII,Alternate Reisner No
3190,G 7000 E XVIII,Alternate Reisner No
3191,G 7000 E XIX,Alternate Reisner No
3192,G 7000 E XX,Alternate Reisner No
3193,G 7000 E XXI,Alternate Reisner No
3195,G 7000 E XXIII,Alternate Reisner No
3196,G 7000 E XXIV,Alternate Reisner No
3197,G 7000 E XXV,Alternate Reisner No
3198,G 7000 E XXVI,Alternate Reisner No
3199,G 7100 SW III,Alternate Reisner No
3200,G 7100 SW IV,Alternate Reisner No
3201,G 7100 SW VI,Alternate Reisner No
3202,G 7100 SW VII,Alternate Reisner No
3203,G 7100 SW VIII,Alternate Reisner No
3204,G 7100 SW IX,Alternate Reisner No
3206,G 7000 SE II,Alternate Reisner No
3207,G 7000 SE X,Alternate Reisner No
3208,G 7000 SE XII,Alternate Reisner No
3209,G 7000 SE XI,Alternate Reisner No
3214,G 7000 SW XXX,Alternate Reisner No
3215,G 7000 SW XXXI,Alternate Reisner No
3216,G 7000 SW XXXII,Alternate Reisner No
3217,Silo 195,Alternate Reisner No
3218,Silo 204,Alternate Reisner No
3219,Silo 205,Alternate Reisner No
3220,Silo 206,Alternate Reisner No
3221,Silo 207,Alternate Reisner No
3222,Silon 208,Alternate Reisner No
3223,Silo 209,Alternate Reisner No
3224,G 7000 E I,Alternate Reisner No
3225,G 7000 E II,Alternate Reisner No
3226,G 7000 E III,Alternate Reisner No
3227,G 7000 E IV,Alternate Reisner No
3228,G 7000 E V,Alternate Reisner No
3229,G 7000 E VII,Alternate Reisner No
3230,G 7000 E VIII,Alternate Reisner No
3231,G 7000 E X,Alternate Reisner No
3232,G 7000 E XI,Alternate Reisner No
3233,G 7000 E XII,Alternate Reisner No
3234,Silo 186,Alternate Reisner No
3235,Silo 187,Alternate Reisner No
3236,Silo 190,Alternate Reisner No
3237,Silo 193,Alternate Reisner No
3238,Silo 1,Alternate Reisner No
3239,Silo 2,Alternate Reisner No
3240,Silo 3,Alternate Reisner No
3241,Silo 4,Alternate Reisner No
3242,Silo 5,Alternate Reisner No
3243,Silo 6,Alternate Reisner No
3244,Silo 7,Alternate Reisner No
3245,Silo 8,Alternate Reisner No
3246,Silo 9,Alternate Reisner No
3247,Silo 10,Alternate Reisner No
3248,Silo 11,Alternate Reisner No
3249,Silo 12,Alternate Reisner No
3250,Silo 15,Alternate Reisner No
3251,Silo 17,Alternate Reisner No
3252,Silo 18,Alternate Reisner No
3253,Silo 19,Alternate Reisner No
3254,Silo 20,Alternate Reisner No
3255,Silo 21,Alternate Reisner No
3256,Silo 22,Alternate Reisner No
3257,Silo 23,Alternate Reisner No
3258,Silo 24,Alternate Reisner No
3259,Silo 25,Alternate Reisner No
3260,Silo 26,Alternate Reisner No
3261,Silo 27,Alternate Reisner No
3262,Silo 28,Alternate Reisner No
3263,Silo 29,Alternate Reisner No
3264,Silo 30,Alternate Reisner No
3265,Silo 31,Alternate Reisner No
3266,Silo 32,Alternate Reisner No
3267,Silo 33,Alternate Reisner No
3268,Silo 34,Alternate Reisner No
3269,Silo 35,Alternate Reisner No
3270,Silo 36,Alternate Reisner No
3271,Silo 37,Alternate Reisner No
3272,Silo 38,Alternate Reisner No
3273,Silo 39,Alternate Reisner No
3274,Silo 40,Alternate Reisner No
3275,Silo 41,Alternate Reisner No
3276,Silo 42,Alternate Reisner No
3277,Silo 43,Alternate Reisner No
3278,Silo 44,Alternate Reisner No
3279,Silo 45,Alternate Reisner No
3280,Silo 46,Alternate Reisner No
3281,Silo 47,Alternate Reisner No
3282,Silo 48,Alternate Reisner No
3283,Silo 49,Alternate Reisner No
3284,Silo 50,Alternate Reisner No
3285,Silo 51,Alternate Reisner No
3286,Silo 52,Alternate Reisner No
3287,Silo 53,Alternate Reisner No
3288,Silo 54,Alternate Reisner No
3289,Silo 55,Alternate Reisner No
3290,Silo 56,Alternate Reisner No
3291,Silo 57,Alternate Reisner No
3292,Silo 58,Alternate Reisner No
3293,Silo 59,Alternate Reisner No
3294,Silo 60,Alternate Reisner No
3295,Silo 61,Alternate Reisner No
3296,Silo 62,Alternate Reisner No
3297,Silo 63,Alternate Reisner No
3298,Silo 64,Alternate Reisner No
3299,Silo 65,Alternate Reisner No
3300,Silo 66,Alternate Reisner No
3301,Silo 67,Alternate Reisner No
3302,Silo 68,Alternate Reisner No
3303,Silo 69,Alternate Reisner No
3304,Silo 70,Alternate Reisner No
3305,Silo 71,Alternate Reisner No
3306,Silo 72,Alternate Reisner No
3307,Silo 73,Alternate Reisner No
3308,Silo 74,Alternate Reisner No
3309,Silo 75,Alternate Reisner No
3310,Silo 76,Alternate Reisner No
3311,Silo 77,Alternate Reisner No
3312,Silo 78,Alternate Reisner No
3313,Silo 79,Alternate Reisner No
3314,Silo 80,Alternate Reisner No
3315,Silo 81,Alternate Reisner No
3316,Silo 82,Alternate Reisner No
3317,Silo 83,Alternate Reisner No
3318,Silo 84,Alternate Reisner No
3319,Silo 85,Alternate Reisner No
3320,Silo 86,Alternate Reisner No
3321,Silo 87,Alternate Reisner No
3322,Silo 88,Alternate Reisner No
3323,Silo 89,Alternate Reisner No
3324,Silo 90,Alternate Reisner No
3325,Silo 91,Alternate Reisner No
3326,Silo 92,Alternate Reisner No
3327,Silo 93,Alternate Reisner No
3328,Silo 94,Alternate Reisner No
3329,Silo 95,Alternate Reisner No
3330,Silo 96,Alternate Reisner No
3331,Silo 97,Alternate Reisner No
3332,Silo 98,Alternate Reisner No
3333,Silo 99,Alternate Reisner No
3334,Silo 100,Alternate Reisner No
3335,Silo 101,Alternate Reisner No
3336,Silo 102,Alternate Reisner No
3337,Silo 103,Alternate Reisner No
3338,Silo 104,Alternate Reisner No
3339,Silo 105,Alternate Reisner No
3340,Silo 106,Alternate Reisner No
3341,Silo 107,Alternate Reisner No
3342,Silo 108,Alternate Reisner No
3343,Silo 109,Alternate Reisner No
3344,Silo 110,Alternate Reisner No
3345,Silo 111,Alternate Reisner No
3346,Silo 112,Alternate Reisner No
3347,Silo 113,Alternate Reisner No
3348,Silo 114,Alternate Reisner No
3349,Silo 115,Alternate Reisner No
3350,Silo 116,Alternate Reisner No
3351,Silo 117,Alternate Reisner No
3352,Silo 118,Alternate Reisner No
3353,Silo 119,Alternate Reisner No
3354,Silo 120,Alternate Reisner No
3355,Silo 121,Alternate Reisner No
3356,Silo 122,Alternate Reisner No
3357,Silo 123,Alternate Reisner No
3358,Silo 124,Alternate Reisner No
3359,Silo 125,Alternate Reisner No
3360,Silo 126,Alternate Reisner No
3361,Silo 127,Alternate Reisner No
3362,Silo 128,Alternate Reisner No
3363,Silo 129,Alternate Reisner No
3364,Silo 130,Alternate Reisner No
3365,Silo 131,Alternate Reisner No
3366,Silo 132,Alternate Reisner No
3367,Silo 133,Alternate Reisner No
3368,Silo 134,Alternate Reisner No
3369,Silo 135,Alternate Reisner No
3370,Silo 136,Alternate Reisner No
3371,Silo 137,Alternate Reisner No
3372,Silo 138,Alternate Reisner No
3373,Silo 139,Alternate Reisner No
3374,Silo 140,Alternate Reisner No
3375,Silo 141,Alternate Reisner No
3376,Silo 142,Alternate Reisner No
3377,Silo 162,Alternate Reisner No
3378,Silo 163,Alternate Reisner No
3379,Silo 164,Alternate Reisner No
3380,Silo 165,Alternate Reisner No
3381,Silo 166,Alternate Reisner No
3382,Silo 167,Alternate Reisner No
3383,Silo 168,Alternate Reisner No
3384,Silo 169,Alternate Reisner No
3385,Silo 170,Alternate Reisner No
3386,Silo 171,Alternate Reisner No
3387,Silo 172,Alternate Reisner No
3388,Silo 173,Alternate Reisner No
3389,Silo 174,Alternate Reisner No
3390,Silo 175,Alternate Reisner No
3391,Silo 176,Alternate Reisner No
3392,Silo 177,Alternate Reisner No
3393,Silo 178,Alternate Reisner No
3394,Silo 179,Alternate Reisner No
3395,Silo 180,Alternate Reisner No
3396,Silo 183,Alternate Reisner No
3397,Silo 198,Alternate Reisner No
3398,Silon 150,Alternate Reisner No
3399,Silon 151,Alternate Reisner No
3400,Silon 152,Alternate Reisner No
3401,Silon 153,Alternate Reisner No
3402,Silon 158,Alternate Reisner No
3403,Silon 159,Alternate Reisner No
3404,G 7000 E XXXVI,Alternate Reisner No
3405,G 7000 E XXII,Alternate Reisner No
3411,Silo 143,Alternate Reisner No
3413,Street G 7600,Alternate Reisner No
3460,Mastaba X,Junker No
3462,Tomb A,Other No
3462,Mastaba A,Hassan No.
3462,15,Abou-Ghazi No (ASAE 58 [1964])
3463,16,Abou-Ghazi No (ASAE 58 [1964])
3463,Mastaba B,Hassan No.
3463,Tomb B,Other No
3464,Mastaba of Shaft 322,Hassan No.
3464,Tomb of Shaft 322,Other No
3464,18,Abou-Ghazi No (ASAE 58 [1964])
3466,Minnefer Complex,CBE (Brovarski) No.
3658,G 5332 X,Alternate Reisner No
3659,G 5332 Y,Alternate Reisner No
3797,S 372/374,Junker No
3809,G 2155,Reisner No
3955,2,Abou-Ghazi No (ASAE 58 [1964])
3955,Rock Cut Tomb (Hassan T/U-12/13),Hassan No.
3955,Uninscribed Rock-cut Mastaba,Hassan No.
3955,Rock Cut Tomb (PM D/E-8/9),Other No
3963,S 2497/2515,Junker No
3973,S 4127/4133,Junker No
3993,S 4083/4156,Junker No
4004,S 4087/4240,Junker No
4102,Central Cemetery,Hassan No.
4103,G I S Cemetery,Other No
4103,Cemetery G I S,Other No
4104,Rock Cut Tomb S 790,Hassan No.
4104,LG 86-y,Lepsius No
4104,Lepsius 86-y,Lepsius No
4104,L.86-y,Lepsius No
4113,Tomb D,Other No
4113,Mastaba D,Hassan No.
4113,35,Abou-Ghazi No (ASAE 58 [1964])
4115,146,Abou-Ghazi No (ASAE 58 [1964])
4115,Hassan No. 10,Other No
4115,Rock Cut Tomb No. 10,Hassan No.
4116,Rock Cut Tomb No. 12,Hassan No.
4116,Hassan No. 12,Other No
4116,148,Abou-Ghazi No (ASAE 58 [1964])
4117,149,Abou-Ghazi No (ASAE 58 [1964])
4117,Hassan No. 13,Other No
4117,Rock Cut Tomb No. 13,Hassan No.
4117,Tomb No. 13,Other No
4118,94,Abou-Ghazi No (ASAE 58 [1964])
4118,Mastaba No. 28,Hassan No.
4119,Mastaba of Shaft 600,Hassan No.
4120,Mastaba of Shaft 614,Hassan No.
4121,Mastaba of Shaft 738,Hassan No.
4122,Mastaba of Shaft 601,Hassan No.
4123,Mastaba of Shaft 590,Hassan No.
4124,Mastaba of Shaft 588,Hassan No.
4125,Mastaba of Shaft 648,Hassan No.
4125,42,Abou-Ghazi No (ASAE 58 [1964])
4126,41,Abou-Ghazi No (ASAE 58 [1964])
4126,Mastaba of Shaft 559,Hassan No.
4127,Rock Cut Tomb S 789,Hassan No.
4127,Lepsius 86-x,Lepsius No
4127,L.86-x,Lepsius No
4127,LG 86-x,Lepsius No
4128,Rock Tomb No. 1,Hassan No.
4128,121,Abou-Ghazi No (ASAE 58 [1964])
4129,122,Abou-Ghazi No (ASAE 58 [1964])
4129,Rock Tomb No. 2,Hassan No.
4130,Rock Tomb No. 3,Hassan No.
4130,123,Abou-Ghazi No (ASAE 58 [1964])
4131,124,Abou-Ghazi No (ASAE 58 [1964])
4131,Rock Tomb No. 4,Hassan No.
4132,Mastaba No. 15,Hassan No.
4132,128,Abou-Ghazi No (ASAE 58 [1964])
4132,Pillared Mastaba,Hassan No.
4133,154,Abou-Ghazi No (ASAE 58 [1964])
4133,Tomb North of Neb-em-akhet,Hassan No.
4133,Rock Cut Tomb S 1680,Hassan No.
4134,Rock Cut Tomb (Hassan H-7),Hassan No.
4134,153,Abou-Ghazi No (ASAE 58 [1964])
4134,Uninscribed Rock-Cut Tomb East of that of Nebmak,Hassan No.
4134,Rock Cut Tomb (PM B-2/3),Other No
4135,126,Abou-Ghazi No (ASAE 58 [1964])
4135,Rock Tomb No. 6,Hassan No.
4136,Rock Cut Tomb No. 5,Hassan No.
4136,Hassan No. 5,Other No
4137,Rock Cut Tomb No. 3,Hassan No.
4137,Hassan No. 3,Other No
4138,Rock Cut Tomb No. 2,Hassan No.
4138,Hassan No. 2,Other No
4139,Rock Cut Tomb No. 1,Hassan No.
4139,Hassan No. 1,Other No
4140,Rock Cut Tomb No. 6,Hassan No.
4140,Hassan No. 6,Other No
4141,Rock Cut Tomb No. 8,Hassan No.
4141,Hassan No. 8,Other No
4142,Mastaba of Shaft 55,Hassan No.
4144,Mastaba of Shaft 1402,Hassan No.
4145,Mastaba of Shaft 1406,Hassan No.
4146,Mastaba of Shaft 1412,Hassan No.
4147,Mastaba of Shaft 1417,Hassan No.
4148,Mastaba of Shaft 1260,Hassan No.
4149,Mastaba of Shaft 1399,Hassan No.
4150,Mastaba of Shaft 1242,Hassan No.
4151,Mastaba of Shaft 1225,Hassan No.
4152,Mastaba of Shaft 1245,Hassan No.
4153,Mastaba of Shaft 1370,Hassan No.
4154,Mastaba of Shaft 1442,Hassan No.
4155,Mastaba of Shaft 1455,Hassan No.
4156,Mastaba of Shaft 1427,Hassan No.
4161,Mastaba of Shaft 412,Hassan No.
4162,Mastaba of Shaft 413,Hassan No.
4163,Mastaba of Shaft 332,Hassan No.
4165,Mastaba of Shaft 344,Hassan No.
4166,Mastaba of Shaft 341,Hassan No.
4167,Mastaba of Shaft 353,Hassan No.
4168,Mastaba of Shaft 359,Hassan No.
4169,Mastaba of Shaft 427,Hassan No.
4170,Mastaba of Shaft 82,Hassan No.
4171,Mastaba of Shaft 77,Hassan No.
4172,Mastaba of Shaft 111,Hassan No.
4173,Mastaba of Shaft 101,Hassan No.
4174,Mastaba of Shaft 362,Hassan No.
4175,Mastaba of Shaft 367,Hassan No.
4176,Mastaba of Shaft 370,Hassan No.
4177,Mastaba of Shaft 361,Hassan No.
4178,Mastaba of Shaft 372,Hassan No.
4179,Mastaba of Shaft 449,Hassan No.
4180,Mastaba of Shaft 324,Hassan No.
4181,Mastaba of Shaft 325,Hassan No.
4182,Mastaba of Shaft 331,Hassan No.
4183,Mastaba of Shaft 369,Hassan No.
4184,Mastaba of Shaft 358,Hassan No.
4185,Mastaba of Shaft 454,Hassan No.
4192,Mastaba of Shaft 337,Hassan No.
4193,Mastaba of Shaft 338 C,Hassan No.
4194,Mastaba of Shaft 371,Hassan No.
4205,Rock Cut Tomb S 792,Hassan No.
4205,Lepsius 85-z,Lepsius No
4205,LG 85-z,Lepsius No
4205,L.85-z,Lepsius No
4206,Rock Cut Tomb S 794,Hassan No.
4207,Rock Cut Tomb S 812,Hassan No.
4207,Lepsius 89-x,Lepsius No
4207,L.89-x,Lepsius No
4207,LG 89-x,Lepsius No
4208,Lepsius 89-y,Lepsius No
4208,L.89-y,Lepsius No
4208,LG 89-y,Lepsius No
4208,Rock Cut Tomb S 814,Hassan No.
4209,Rock Cut Tomb S 816,Hassan No.
4209,Lepsius 89-z,Lepsius No
4209,L.89-z,Lepsius No
4209,LG 89-z,Lepsius No
4210,Mastaba of Shaft 810,Hassan No.
4211,S 817,Hassan No.
4212,Mastaba of Shaft 1650,Hassan No.
4213,Mastaba of Shaft 1653,Hassan No.
4214,Rock Cut Tomb S 1641,Hassan No.
4215,Rock Cut Tomb S 1642,Hassan No.
4216,S 1643,Hassan No.
4217,Mastaba of Shaft 1595,Hassan No.
4218,Mastaba of Shaft 1603,Hassan No.
4219,Mastaba of Shaft 1604,Hassan No.
4220,Mastaba of Shaft 1610,Hassan No.
4221,Mastaba of Shaft 1616,Hassan No.
4222,Mastaba of Shaft 1630,Hassan No.
4223,Rock Cut Tomb S 1596,Hassan No.
4224,S 1602,Hassan No.
4225,Queen's Boat Pit S of G I-a,Other No
4226,Queen's Boat Pit S of G I-b,Other No
4227,S 1553,Hassan No.
4228,S 1573,Hassan No.
4229,S 1635,Hassan No.
4230,S 1577,Hassan No.
4231,S 1578,Hassan No.
4232,S 1579,Hassan No.
4233,S 1588,Hassan No.
4234,S 1589,Hassan No.
4235,S 1581,Hassan No.
4236,S 1584,Hassan No.
4237,S 1593,Hassan No.
4238,Mastaba of Shaft 1571,Hassan No.
4239,S 811,Hassan No.
4240,Mastaba of Shaft 771,Hassan No.
4241,Mastaba of Shaft 639,Hassan No.
4242,Mastaba of Shaft 636,Hassan No.
4243,Mastaba of Shaft 754,Hassan No.
4244,Mastaba of Shaft 756,Hassan No.
4245,Mastaba of Shaft 760,Hassan No.
4246,Mastaba of Shaft 1100,Hassan No.
4248,Mastaba of Shaft 1104,Hassan No.
4249,Mastaba of Shaft 1035,Hassan No.
4250,Rock Cut Tomb S 950,Hassan No.
4251,Rock Cut Tomb S 951,Hassan No.
4252,Rock Cut Tomb S 953,Hassan No.
4253,Mastaba of Shaft 570,Hassan No.
4254,Mastaba of Shaft 571,Hassan No.
4255,Mastaba of Shaft 667,Hassan No.
4256,Mastaba of Shaft 543,Hassan No.
4257,Mastaba of Shaft 548,Hassan No.
4258,Mastaba of Shaft 529,Hassan No.
4259,Mastaba of Shaft 555,Hassan No.
4260,Mastaba of Shaft 549,Hassan No.
4261,Mastaba of Shaft 516,Hassan No.
4262,Mastaba of Shaft 519,Hassan No.
4263,Mastaba of Shaft 700,Hassan No.
4264,Mastaba of Shaft 524,Hassan No.
4265,Mastaba of Shaft 1107,Hassan No.
4266,Mastaba of Shaft 912,Hassan No.
4267,Mastaba of Shaft 921,Hassan No.
4268,Mastaba of Shaft 932,Hassan No.
4269,Mastaba of Shaft 938,Hassan No.
4270,Mastaba of Shaft 941,Hassan No.
4271,Mastaba of Shaft 925,Hassan No.
4272,Mastaba of Shaft 947,Hassan No.
4273,Mastaba of Shaft 943,Hassan No.
4274,Mastaba of Shaft 960,Hassan No.
4275,Mastaba of Shaft 966,Hassan No.
4276,Mastaba of Shaft 1005,Hassan No.
4277,Mastaba of Shaft 1010,Hassan No.
4278,Mastaba of Shaft 1014,Hassan No.
4279,Mastaba of Shaft 554,Hassan No.
4280,Mastaba of Shaft 1028,Hassan No.
4281,Rock Cut Tomb S 1061,Hassan No.
4282,M. XI,Junker No
4282,G I S No.10,"Reisner No., alternate spelling"
4282,G I-S 10,Reisner No
4282,G X S,Reisner No
4283,Mastaba of Shaft 1020,Hassan No.
4284,Mastaba of Shaft 899,Hassan No.
4285,Mastaba of Shaft 902,Hassan No.
4286,Mastaba of Shaft 895,Hassan No.
4287,Mastaba of Shaft 876,Hassan No.
4288,Mastaba of Shaft 882,Hassan No.
4289,Mastaba of Shaft 858,Hassan No.
4290,Mastaba of Shaft 860,Hassan No.
4291,Mastaba of Shaft 896,Hassan No.
4292,Mastaba of Shaft 889,Hassan No.
4293,Mastaba of Shaft 883,Hassan No.
4294,Mastaba of Shaft 877,Hassan No.
4295,Mastaba of Shaft 861,Hassan No.
4296,Mastaba of Shaft 851,Hassan No.
4297,Mastaba of Shaft 1173,Hassan No.
4298,Mastaba of Shaft 1193,Hassan No.
4299,Mastaba of Shaft 1252,Hassan No.
4300,Mastaba of Shaft 1215,Hassan No.
4301,Mastaba of Shaft 1247,Hassan No.
4302,Mastaba of Shaft 203,Hassan No.
4303,Mastaba of Shaft 260,Hassan No.
4304,Mastaba of Shaft 220,Hassan No.
4305,Mastaba of Shaft 273,Hassan No.
4306,Mastaba of Shaft 275,Hassan No.
4307,Mastaba of Shaft 236,Hassan No.
4308,Mastaba of Shaft 268,Hassan No.
4309,Mastaba of Shaft 269,Hassan No.
4310,Mastaba of Shaft 223,Hassan No.
4311,Mastaba of Shaft 174,Hassan No.
4312,Mastaba of Shaft 180,Hassan No.
4313,Mastaba of Shaft 183,Hassan No.
4314,Mastaba of Shaft 396,Hassan No.
4315,Mastaba of Shaft 295,Hassan No.
4316,Mastaba of Shaft 886,Hassan No.
4317,Mastaba of Shaft 163,Hassan No.
4318,Mastaba of Shaft 165,Hassan No.
4319,Mastaba of Shaft 173,Hassan No.
4320,Mastaba of Shaft 566,Hassan No.
4321,Mastaba of Shaft 558,Hassan No.
4322,Mastaba of Shaft 664,Hassan No.
4323,Mastaba of Shaft 662,Hassan No.
4324,Mastaba of Shaft 675,Hassan No.
4325,Mastaba of Shaft 380 A,Hassan No.
4326,Mastaba of Shaft 1257,Hassan No.
4327,Mastaba of Shaft 1264,Hassan No.
4328,Mastaba of Shaft 1281,Hassan No.
4329,Mastaba of Shaft 1287,Hassan No.
4330,Mastaba of Shaft 1436,Hassan No.
4331,Mastaba of Shaft 1339,Hassan No.
4332,Mastaba of Shaft 1343,Hassan No.
4333,Mastaba of Shaft 1395,Hassan No.
4334,S 737,Hassan No.
4335,S 724,Hassan No.
4336,S 735,Hassan No.
4337,S 1102,Hassan No.
4338,S 1103,Hassan No.
4339,S 1108,Hassan No.
4340,S 781,Hassan No.
4341,S 774,Hassan No.
4342,S 727,Hassan No.
4343,S 677,Hassan No.
4344,S 669,Hassan No.
4345,S 725,Hassan No.
4346,S 694,Hassan No.
4347,S 695,Hassan No.
4348,S 632,Hassan No.
4349,S 633,Hassan No.
4350,S 764,Hassan No.
4351,S 634,Hassan No.
4352,S 635,Hassan No.
4353,S 644,Hassan No.
4354,S 645,Hassan No.
4355,S 750,Hassan No.
4356,S 753,Hassan No.
4357,S 765,Hassan No.
4358,S 766,Hassan No.
4359,S 678,Hassan No.
4360,S 719,Hassan No.
4361,S 828,Hassan No.
4362,S 829,Hassan No.
4363,Mastaba of Shaft 830,Hassan No.
4364,S 831,Hassan No.
4365,S 971,Hassan No.
4366,S 972,Hassan No.
4367,S 1026,Hassan No.
4368,S 1038,Hassan No.
4369,Mastaba of Shaft 905,Hassan No.
4370,S 901,Hassan No.
4371,S 903,Hassan No.
4372,S 904,Hassan No.
4373,S 989,Hassan No.
4374,S 990,Hassan No.
4375,Mastaba of Shaft 1033,Hassan No.
4376,Mastaba of Shaft 1178,Hassan No.
4377,S 1025,Hassan No.
4378,S 720,Hassan No.
4379,S 734,Hassan No.
4380,S 1089,Hassan No.
4381,S 1045,Hassan No.
4382,S 1292,Hassan No.
4383,S 1293,Hassan No.
4384,S 1294,Hassan No.
4385,S 1485,Hassan No.
4386,S 1486,Hassan No.
4387,S 1489,Hassan No.
4388,S 1490,Hassan No.
4389,S 1491,Hassan No.
4390,S 1492,Hassan No.
4391,S 1493,Hassan No.
4392,S 1286,Hassan No.
4393,S 1298,Hassan No.
4394,S 1299,Hassan No.
4395,S 1301,Hassan No.
4396,S 718,Hassan No.
4397,S 681,Hassan No.
4398,S 680,Hassan No.
4399,S 535,Hassan No.
4400,S 553,Hassan No.
4401,S 751,Hassan No.
4402,S 752,Hassan No.
4403,S 763,Hassan No.
4404,S 683,Hassan No.
4405,S 652,Hassan No.
4406,S 759,Hassan No.
4407,S 638,Hassan No.
4408,S 539,Hassan No.
4409,S 540,Hassan No.
4410,S 541,Hassan No.
4411,S 542,Hassan No.
4412,S 560,Hassan No.
4413,S 561,Hassan No.
4414,S 562,Hassan No.
4415,S 505,Hassan No.
4416,S 506,Hassan No.
4417,S 507,Hassan No.
4418,S 508,Hassan No.
4419,S 509,Hassan No.
4420,S 510,Hassan No.
4421,S 511,Hassan No.
4422,S 512,Hassan No.
4423,S 518,Hassan No.
4424,S 706,Hassan No.
4425,S 707,Hassan No.
4426,S 708,Hassan No.
4427,S 709,Hassan No.
4428,S 655,Hassan No.
4429,S 710,Hassan No.
4430,S 712,Hassan No.
4431,S 721,Hassan No.
4432,S 711,Hassan No.
4433,S 550,Hassan No.
4434,S 661,Hassan No.
4435,S 569,Hassan No.
4436,S 663,Hassan No.
4437,S 665,Hassan No.
4438,S 666,Hassan No.
4439,S 713,Hassan No.
4440,S 714,Hassan No.
4441,S 715,Hassan No.
4442,S 843,Hassan No.
4443,S 298,Hassan No.
4444,S 299,Hassan No.
4445,S 308,Hassan No.
4446,S 307,Hassan No.
4447,S 306,Hassan No.
4448,S 215,Hassan No.
4449,S 208,Hassan No.
4450,Mastaba of Shaft 205,Hassan No.
4451,S 210,Hassan No.
4452,S 398,Hassan No.
4453,S 397,Hassan No.
4454,S 409,Hassan No.
4455,S 409 bis,Hassan No.
4456,S 205 bis,Hassan No.
4457,S 400,Hassan No.
4458,S 209,Hassan No.
4459,S 199,Hassan No.
4460,S 200,Hassan No.
4461,S 201,Hassan No.
4462,S 202,Hassan No.
4463,S 201 bis,Hassan No.
4464,S 189,Hassan No.
4465,S 286,Hassan No.
4466,S 401,Hassan No.
4467,S 402,Hassan No.
4468,Mastaba of Shaft 480,Hassan No.
4469,S 481,Hassan No.
4470,S 482,Hassan No.
4471,S 483,Hassan No.
4472,S 484,Hassan No.
4473,S 473,Hassan No.
4474,S 698,Hassan No.
4475,S 472,Hassan No.
4476,S 471,Hassan No.
4477,S 380,Hassan No.
4478,S 462,Hassan No.
4479,S 453,Hassan No.
4480,S 458,Hassan No.
4481,S 460,Hassan No.
4482,S 475,Hassan No.
4483,S 461,Hassan No.
4484,S 447,Hassan No.
4485,S 459,Hassan No.
4486,S 448,Hassan No.
4487,S 476,Hassan No.
4488,S 474,Hassan No.
4489,S 446,Hassan No.
4490,S 451,Hassan No.
4491,S 452,Hassan No.
4492,S 468,Hassan No.
4493,S 463,Hassan No.
4494,S 456,Hassan No.
4495,S 477,Hassan No.
4496,S 488,Hassan No.
4497,S 478,Hassan No.
4498,S 479,Hassan No.
4499,S 486,Hassan No.
4500,S 485,Hassan No.
4501,S 502,Hassan No.
4502,S 498,Hassan No.
4503,S 489,Hassan No.
4504,S 491,Hassan No.
4505,S 501,Hassan No.
4506,S 503,Hassan No.
4507,S 490,Hassan No.
4508,S 487,Hassan No.
4509,S 514,Hassan No.
4510,S 497,Hassan No.
4511,S 500,Hassan No.
4512,S 504,Hassan No.
4513,S 857,Hassan No.
4514,S 859,Hassan No.
4515,S 292,Hassan No.
4516,S 292 bis,Hassan No.
4517,Mastaba of Shaft 654,Hassan No.
4518,S 222,Hassan No.
4519,S 227,Hassan No.
4520,S 228,Hassan No.
4521,S 229,Hassan No.
4522,S 230,Hassan No.
4523,S 231,Hassan No.
4524,S 233,Hassan No.
4525,S 234,Hassan No.
4526,S 235,Hassan No.
4527,S 237,Hassan No.
4528,S 239,Hassan No.
4529,S 225,Hassan No.
4530,S 249,Hassan No.
4531,S 243,Hassan No.
4532,S 246,Hassan No.
4533,S 247,Hassan No.
4534,S 248,Hassan No.
4535,S 251,Hassan No.
4536,S 252,Hassan No.
4537,S 253,Hassan No.
4538,S 254,Hassan No.
4539,S 255,Hassan No.
4540,S 256,Hassan No.
4541,S 257,Hassan No.
4542,S 258,Hassan No.
4543,S 259,Hassan No.
4544,S 263,Hassan No.
4545,S 265,Hassan No.
4546,S 385,Hassan No.
4547,S 277,Hassan No.
4548,S 388,Hassan No.
4549,S 384,Hassan No.
4550,S 383,Hassan No.
4551,S 382,Hassan No.
4552,S 381,Hassan No.
4553,S 403,Hassan No.
4554,S 411,Hassan No.
4555,S 342,Hassan No.
4556,S 342 bis,Hassan No.
4557,S 420,Hassan No.
4558,S 420 bis,Hassan No.
4559,Mastaba of Shaft 573,Hassan No.
4560,Rock Cut Tomb (J-6),Hassan No.
4561,Lepsius 86-z,Lepsius No
4561,L. 86-z,Lepsius No
4561,LG 86-z,Lepsius No
4562,Mastaba of Shaft 832,Hassan No.
4563,Rock Cut Tomb,Hassan No.
4564,Rock Cut Tomb,Hassan No.
4565,Rock Cut Tomb,Hassan No.
4566,S 696,Hassan No.
4567,S 697,Hassan No.
4568,Rock Cut Tomb (X-10),Hassan No.
4569,Rock Cut Tomb (W-12),Hassan No.
4570,Rock Cut Tomb S 844,Hassan No.
4571,Rock Cut Tomb (E-11),Hassan No.
4572,Rock Cut Tomb (F-11),Hassan No.
4573,LG 82,Lepsius No
4573,L.82,Lepsius No
4573,Lepsius 82,Lepsius No
4574,LG 85,Lepsius No
4574,L.85,Lepsius No
4574,Lepsius 85,Lepsius No
4575,Qedfy,NULL
4575,Kedfy,NULL
4576,Ankhemre,Junker No
4577,S 659,Hassan No.
4583,G 2135',Alternate Reisner No
4626,LG 30,Lepsius no
4626,L.30,Lepsius no
5085,G 7000 E XXXVII,Alternate Reisner No
5087,G 7811a,Alternate Reisner No
5087,G 7811b,Alternate Reisner No
5087,G 7810,Alternate Reisner No
5089,L. 103,Lepsius No
5089,LG 103,Lepsius No
5090,LG 104,Lepsius No
5090,L. 104,Lepsius No
5091,L. 105,Lepsius No
5091,LG 105,Lepsius No
5092,LG 106,Lepsius No
5092,L. 106,Lepsius No
5093,ABC-105,NULL
5095,G 1903 X/2091 X,Roth No.
5095,G 1903 X,Smith No.
5095,G 2091 X,Reisner No.
5103,Rock-Tomb "E",Other No
5104,Rock-Tomb "F",Other No
5105,Rock-Tomb "G",Other No
5115,Nazlet Batran,NULL
5115,Nezlet el-Batran,NULL
5115,Nazlet el-Batran,NULL
5115,Kafr Batran,NULL
5116,Nazlet es-Seman,NULL
5116,Nazlet el-Seman,NULL
5116,Nazlet el-Samman,NULL
5116,Nezlet el-Samman,NULL
5125,Farouk Guest-house,NULL
5131,KKT,AERA (Lehner) No.
5131,Khentkaus Pyramid Town,NULL
5135,Khentkawes Valley Complex,AERA (Lehner) No.
5135,KKT-E,AERA (Lehner) No.
5135,LBB,Alternate AERA (Lehner) No.
5135,Lower Buried Building,Alternate AERA (Lehner) No.
5136,Khentkawes Town Amelia's Interface,AERA (Lehner) No.
5136,Interface,Alternate AERA (Lehner) No.
5169,"ABC 121-122, 186-188",CBE (Brovarski) No.
5201,ABC 41/84,CBE (Brovarski) No.
5201,ABC 76/77,CBE (Brovarski) No.
5202,ABC 78/79/80,CBE (Brovarski) No.
5203,ABC 92/93/94,CBE (Brovarski) No.
5203,ABC 93/94,CBE (Brovarski) No.
5208,ABC 106/107,CBE (Brovarski) No.
5215,ABC 90,CBE (Brovarski) No.
5215,ABC 96,CBE (Brovarski) No.
5215,ABC 102-103,CBE (Brovarski) No.
5240,Hetepu: Ipu,CBE (Brovarski) No.
5254,Minnefer Complex,CBE (Brovarski) No.
5254,Anonymous Chapel,CBE (Brovarski) No.
5257,ABC 311-314,CBE (Brovarski) No.
5258,ABC 308-310,CBE (Brovarski) No.
5263,Barrel Vaulted Mastaba,CBE (Brovarski) No.
5267,ABC 700 Mastaba Complex,CBE (Brovarski) No.
5268,ABC 719-723,CBE (Brovarski) No.
5268,ABC 700 Mastaba Complex,CBE (Brovarski) No.
5269,ABC 416,CBE (Brovarski) No.
5270,Locus H 36/37,CBE (Brovarski) No.
