SiteID,EventType,DateText
21,PorterMoss Date,Dynasty 5-6
23,PorterMoss Date,Dynasty V
29,PorterMoss Date,Late Dynasty 5
41,PorterMoss Date,Dynasty 5-6
42,PorterMoss Date,Early Dynasty 5
42,Harpur Date,Userkaf - Neferirkare
42,Kayser Date,Early Dynasty 5
43,PorterMoss Date,Early Dynasty 5
49,PorterMoss Date,Dynasty 5-6
50,Baer Date,Dynasty 5-6
50,PorterMoss Date,Dynasty 5-6
52,PorterMoss Date,Dynasty 5-6
58,PorterMoss Date,Dynasty 5-6
59,Steindorff Date,Dynasty 5-Dynasty 6
60,PorterMoss Date,Dynasty 5-6
61,PorterMoss Date,Dynasty 6
62,PorterMoss Date,Dynasty 5-6
63,PorterMoss Date,Dynasty 5-6
64,PorterMoss Date,Late Dynasty 5 or Dynasty 6
66,PorterMoss Date,Dynasty 5-6
68,PorterMoss Date,Dynasty 5-6
69,PorterMoss Date,Dynasty 5-6
73,PorterMoss Date,Dynasty 6
75,PorterMoss Date,Dynasty 5-6
78,PorterMoss Date,Dynasty 5-6
79,PorterMoss Date,Dynasty 5
84,PorterMoss Date,Dynasty 5-6
87,PorterMoss Date,Dynasty 5-6
89,PorterMoss Date,Dynasty 5
95,PorterMoss Date,Dynasty 5
96,PorterMoss Date,Dyn asty 4 or 5
97,PorterMoss Date,Dynasty 5
98,PorterMoss Date,Dynastyh 5-6
101,PorterMoss Date,Dynasty 5-6
105,PorterMoss Date,Dynasty 5-6
113,PorterMoss Date,Dynasty 5-6
120,PorterMoss Date,Dynasty 5-6
123,PorterMoss Date,Dynasty 5-6
125,PorterMoss Date,Dynasty 5-6
126,(not entered),Dynasty 6
146,PorterMoss Date,Dynasty 5
148,PorterMoss Date,Dynasty 5-6
156,PorterMoss Date,Dynasty 5-6
169,Baer Date,Dynasty 5
169,PorterMoss Date,Dynasty 5
172,PorterMoss Date,Dynasty 5
173,PorterMoss Date,Middle Dynasty 5 to Dynasty 6
173,Baer Date,End of Dynasty 5 or later
181,Reisner Date,Late Menkaure - post-Neferirkare
181,Verner Date,Late Dynasty 4 - early Dynasty 5
181,PorterMoss Date,Late Dyn 4 or 1st half of Dyn 5
182,PorterMoss Date,2nd half of Dyn 5 or Dyn 6
189,PorterMoss Date,Dynasty 5-6
193,PorterMoss Date,End of Dynasty 5 or Dynasty 6
193,Harpur Date,Unis - Teti ?
193,Reisner Date,Dynasty 5 - after Neferirkare
193,Simpson Date,Dynasty 5 - after Neferirkare
196,Baer Date,Dynasty 6
196,PorterMoss Date,Dynasty 6
205,PorterMoss Date,Late Dynasty 5 or Dynasty 6
209,PorterMoss Date,Late Dynasty 5 or Dynasty 6
210,PorterMoss Date,Late Dynasty 5 or Dynasty 6
215,Baer Date,Dynasty 6
215,PorterMoss Date,Dynasty 6
229,PorterMoss Date,Late Old Kingdom
230,PorterMoss Date,Late Old Kingdom
264,PorterMoss Date,Late Dynasty 5
266,PorterMoss Date,End Dynasty 5
268,PorterMoss Date,Late Dyn 4 or early Dyn 5
270,PorterMoss Date,Dynasty 5-6
281,PorterMoss Date,Dynasty 6
282,PorterMoss Date,End of Dynasty 5 or later
282,Baer Date,End of Dynasty 5 or later
282,Harpur Date,Unis - Dynasty 6
283,PorterMoss Date,End of Dynasty 5 or Dynasty 6
288,PorterMoss Date,Late Dynasty 5
290,PorterMoss Date,Dynasty 5
295,PorterMoss Date,End Dynasty 5
302,PorterMoss Date,Dynasty 5-6
309,Baer Date,Dynasty 4
309,PorterMoss Date,Khufu
311,PorterMoss Date,Khufu
311,Baer Date,Middle of Dynasty 4
312,Baer Date,Mid - Dynasty 5 or later
312,PorterMoss Date,Middle Dynasty 5 or later
313,Baer Date,Khufu
313,PorterMoss Date,Khufu
314,PorterMoss Date,Middle Dynasty 5 or later
314,Baer Date,Mid Dynasty 5 or later
315,PorterMoss Date,Khufu or later
316,PorterMoss Date,Middle Dynasty 5 or later
316,Baer Date,Mid -Dynasty 5 or later
321,PorterMoss Date,Dynasty 5 or 6
322,PorterMoss Date,Dynasty 5
329,PorterMoss Date,Probably Dynasty 5
330,PorterMoss Date,Khufu
330,Baer Date,Dynasty 4
331,PorterMoss Date,Khufu
333,PorterMoss Date,Middle Dynasty 4
334,PorterMoss Date,Middle Dynasty 4
335,PorterMoss Date,Dynasty 5 or 6
336,PorterMoss Date,Middle or late Dynasty 4
337,PorterMoss Date,Late Old Kingdom
341,Harpur Date,Unis - Teti
341,PorterMoss Date,Late Dynasty 5 or Dynasty 6
342,Baer Date,Dynasty 4
342,PorterMoss Date,Khufu
343,PorterMoss Date,Dynasty 5
346,PorterMoss Date,Dynasty 6
349,PorterMoss Date,Dynasty 5-6
353,PorterMoss Date,Late Dynasty 5 or Dynasty 6
354,PorterMoss Date,Second half of Dynasty 5
361,PorterMoss Date,Dynasty 5-6
378,Reisner Date,Dynasty 5
379,Reisner Date,Dynasty 5
380,Reisner Date,Dynasty 5
381,Reisner Date,Dynasty 4-5
382,Reisner Date,Dynasty 4-5
383,Reisner Date,Dynasty 4-5
384,Reisner Date,Mycerinus
385,Reisner Date,Early Dynasty 5
386,Reisner Date,Dynasty 4-5
387,Reisner Date,Mycerinus
388,Reisner Date,Dynasty 4-5
389,Reisner Date,Mycerinus or Shepseskaf
390,Reisner Date,Early Dynasty 5
390,PorterMoss Date,Middle Dynasty 5 or later
390,Baer Date,Middle of Dynasty 5 or later
391,Reisner Date,Dynasty 5
393,Reisner Date,Menkaure
393,PorterMoss Date,Probably Dynasty 5
393,Baer Date,Dynasty 5
404,PorterMoss Date,Possibly late Dynasty 4
405,PorterMoss Date,Possibly late Dynasty 4
464,PorterMoss Date,Dynasty 5-6
464,Baer Date,End of Dynasty 5 or later
477,PorterMoss Date,Dynasty 7
480,PorterMoss Date,Dynasty 5-6
483,PorterMoss Date,Dynasty 6
489,PorterMoss Date,Khufu or Khafre
489,Baer Date,"Dyn. 6, probably not too early"
490,PorterMoss Date,Dynasty 5-6
491,PorterMoss Date,Dynasty 5-6
493,PorterMoss Date,Middle Dynasty 5
499,PorterMoss Date,Middle Dynasty 5
501,PorterMoss Date,Dynasty 5-6
505,PorterMoss Date,Dynasty 5-6
522,PorterMoss Date,Late Dynasty 4 or Dynasty 5
524,PorterMoss Date,Dynasty 6
526,PorterMoss Date,Late Dynasty 5 or Dynasty 6
530,PorterMoss Date,Niuserre
530,Baer Date,Dynasty 5: Niuserre
530,Harpur Date,Niuserre
530,Jacquet-Gordon Date,Niuserre
530,Kanawati Date,Late Sahure - Niuserre
530,idem Date,Probably 2nd half of Niuserre
530,Strudwick Date,Early in the reign of Niuserre
532,PorterMoss Date,Khephren to Menkaure
536,PorterMoss Date,Early Dynasty 5
536,Baud Date,Probably Khafre
536,Harpur Date,Userkaf - Sahure
536,Jacquet-Gordon Date,Mid Dynasty 5
536,Junker Date,Early Dynasty 5
536,Kanawati Date,Late Khufu - late Dynasty 4
536,idem Date,Probably middle of the reign
536,Reisner Date,Late Menkaure - post-Neferirkare
536,Schmitz Date,Early Dynasty 5
536,Strudwick Date,Early Dynasty 5
536,Baer Date,Early Dynasty 5
538,Baer Date,Dynasty 5: early Djedkare
538,Baud Date,Neferirkare or Niuserre ?
538,Brunner-Traut Date,Late Dynasty 5
538,Harpur Date,Early Djedkare
538,Jacquet-Gordon Date,After Neferirkare
538,Junker Date,Second half of Dynasty 5
538,Kanawati Date,Late Djedkare
538,Strudwick Date,Menkauhor - early/mid Djedkare
538,PorterMoss Date,Isesi (early)
540,PorterMoss Date,Dynasty 6
541,PorterMoss Date,Khufu to end of Dyn 4 or early 5
541,Baer Date,End Dyn 4 - beginning of Dyn 5
544,PorterMoss Date,Dynasty 5-6
547,PorterMoss Date,Middle Dynasty 5
547,Harpur Date,Niuserre
547,Junker Date,Late Dynasty 5 - early Dynasty 6
547,Kanawati Date,Late Sahure
547,Reisner Date,Neferirkare - Djedkare
547,Baer Date,Middle of Dynasty 5
548,PorterMoss Date,Dynasty 5-6
549,PorterMoss Date,Neferirkare or later
549,Harpur Date,Neferirkare - Niuserre
549,Junker Date,After Neferirkare
549,Kanawati Date,Late Dynasty 4
549,Reisner Date,Neferirkare - Djedkare
549,Strudwick Date,Neferirkare or slightly later
549,Baer Date,Neferirkare - mid Dynasty 5
554,Baud Date,Late Dynasty 4 - early Dynasty 5
554,Baer Date,Early Dynasty 5
554,Harpur Date,Menkaure - Userkaf
554,Junker Date,Beginning of Dynasty 5
554,Kanawati Date,Menkaure
554,Reisner and Smith Date,After Shepseskaf
554,Rzepka,2nd half of Dyn 4 - early Dyn 5
554,Schmitz Date,NULL
554,Strudwick Date,Early Dynasty 5
554,PorterMoss Date,End of Dyn 4 to early Dyn 5
557,PorterMoss Date,Dynasty 4-5
562,PorterMoss Date,Old Kingdom
566,PorterMoss Date,Middle Dynasty 5
566,Harpur Date,Niuserre
566,Kanawati Date,Early Dynasty 5
566,Baer Date,Mid Dynasty 5
567,PorterMoss Date,Middle Dynasty 5
568,PorterMoss Date,Middle Dynasty 5 or later
568,Baer Date,Mid Dynasty 5 or later
570,Baer Date,Dynasty 6
570,PorterMoss Date,Dynasty 6
601,PorterMoss Date,End of Dynasty 5
601,Baer Date,End of Dynasty 5 or later
602,PorterMoss Date,Probably Dynasty 6
603,PorterMoss Date,Probably Dynasty 6
607,PorterMoss Date,Late Dynasty 5 or Dynasty 6
617,Baer Date,Early - mid Dynasty 5
617,Harpur Date,Userkaf - Neferirkare
617,Kanawati Date,Unis
617,Reisner Date,Late Menkaure - post-Neferirkare
617,Smith Date,Menkaure
617,Strudwick Date,Early Dynasty 5
617,Reisner Date,Dynasty 4
617,PorterMoss Date,Early Dynasty 5
646,PorterMoss Date,Unis
646,Reisner Date,Unis
646,Roth Date,Unis
647,PorterMoss Date,Khufu to Niuserre
647,Reisner Date,Khufu to Niuserre
648,PorterMoss Date,Niuserre to Izezi
648,Reisner Date,Niuserre to Izezi
648,Roth Date,Niuserre - Djedkare - Unis
648,PorterMoss Date,Izezi to Unis
648,Baer Date,Dynasty 6
650,Roth Date,Djedkare
650,PorterMoss Date,Izezi
650,Reisner Date,Izezi
651,PorterMoss Date,Dynasty 4-5
651,Reisner Date,Niuserre to Unis
651,Roth Date,Niuserre - Djedkare - Unis
654,Roth Date,Niuserre - Djedkare
654,PorterMoss Date,Dynasty 4-5
654,Reisner Date,Niuserre to Izezi
656,PorterMoss Date,Late Dynasty 5 or Dynasty 6
656,Reisner Date,Niuserre to Izezi
656,Harpur Date,Unis - Dynasty 6
656,Roth Date,Niuserre - Djedkare
656,,
658,Roth Date,Menkauhor - Djedkare
658,PorterMoss Date,Dynasty 6
658,Reisner Date,Niuserre to Izezi
659,PorterMoss Date,Late Niuserre to Izezi
659,Roth Date,Late Niuserre - Djedkare
660,Roth Date,Djedkare - Unis.
660,PorterMoss Date,Izezi to Unis
662,PorterMoss Date,Izezi or slightly before
663,Reisner Date,Izezi to Unis
663,PorterMoss Date,Late Dyn 5 or early Dyn 6
663,Roth Date,"Niuserre ? or Isesi, Djedkare"
663,Roth Date,Late Djedkare - Unis
668,Roth Date,Unis or slightly before
668,Reisner Date,Izezi to Unis
668,PorterMoss Date,Late Dynasty 5
669,Reisner Date,Before end of Dynasty 5
669,PorterMoss Date,Dynasty 6
669,Roth Date,Djedkare - Unis?
671,Baud Date,Djedefre - Khafre
671,Harpur Date,Menkaure - Userkaf
671,Jacquet-Gordon Date,Late Dynasty 4 - early Dynasty 5
671,Kanawati Date,Early Dynasty 5
671,Schmitz Date,Early Dynasty 5
671,Priese Date,End of Dynasty 4 to begin Dyn. 5
671,Barta Date,Dynasty 4: Pre-Menkaure
671,Harpur Date,Dynasty 4-5: Shepseskaf-Userkaf
671,Cherpion Date,Dyn 4: Khufu
671,Begelsbacher-Fischer Date,Early Dynasty 5
671,Strudwick Date,Menkaure to the end of Dynasty 4
671,Baer Date,Early Dynasty 5
671,Junker Date,Early Dynasty 5
671,Reisner Date,Late Menkaure- post-Neferirkare
671,PorterMoss Date,Cites Reisner & Junker dates
672,PorterMoss Date,Dynasty 5
672,Baud Date,Second half of Dynasty 4
672,Harpur Date,Dynasty 5: Sahure to Neferirkare
672,Junker Date,Early Dynasty 5
677,Begelsbacher-Fischer Date,End of Dyn. 4-early Dyn. 5
677,Harpur Date,Khafre
677,Strudwick Date,Khafre or later
677,Baer Date,End Dyn. 4 to early Dyn. 5
677,Cherpion Date,Dyn. 4: not later than Djedefre
677,PorterMoss Date,Khafre
683,PorterMoss Date,Late Old Kingdom
686,PorterMoss Date,Middle or late Dynasty 4
686,Manuelian Date,Khufu
686,Jánosi Date,Khufu or Djedefre
688,Harpur Date,Khufu
688,Jánosi Date,Khafre or Djedefre (chapel)
688,Baud Date,Dyn. 4: Khufu
688,PorterMoss Date,Probably Khufu
690,PorterMoss Date,Dynasty 6
690,Baer Date,Dynasty 6
699,Jánosi Date,Khafre (chapel)
699,PorterMoss Date,Late Dynasty 4 or Dynasty 5
708,PorterMoss Date,Early Dynasty 5
708,Cherpion Date,Menkaure
708,Baer Date,Early Dynasty 5
708,Baud Date,Menkaure--beginning of Dyn. 5
708,Harpur Date,Userkaf - Neferirkare
708,Jacquet-Gordon Date,Early Dynasty 5
708,Kanawati Date,Early Dynasty 5
708,Reisner Date,post-Menkaure
708,Barta Date,Early Dynasty 5
708,Kaplony Date,Dyn. 4: not later than Menkaure
714,Baer Date,Dynasty 6
714,PorterMoss Date,Dynasty 6
715,Reisner Date,Late Dyn. 4 to early Dyn. 5
716,Harpur Date,Userkaf - Neferirkare
716,Jacquet-Gordon Date,Early Dynasty 5
716,Junker Date,Early Dynasty 5
716,Kanawati Date,Late Sahure
716,Reisner Date,Late Menkaure - post-Neferirkare
716,Schmitz Date,Early Dynasty 5
716,Baer Date,Early Dynasty 5
716,Baud Date,Dynasty 4: Khufu to Djedefre
716,Cherpion Date,Dyn. 4: not later than Djedefre
716,PorterMoss Date,Early Dynasty 5
725,Reisner Date,Late Dyn. 4 to early Dyn. 5
730,Harpur Date,Userkaf -- Neferefre
730,PorterMoss Date,First half of Dynasty 5
733,PorterMoss Date,Dynasty 5
740,PorterMoss Date,End of Dynasty 5 or Dynasty 6
740,Baer Date,End of Dynasty 5 or later
740,Harpur Date,Unis - Teti
741,PorterMoss Date,Late Dyn 5 or early Dyn 6
744,PorterMoss Date,Dynasty 6
745,PorterMoss Date,Middle Dynasty 5 or later
745,Baer Date,Mid Dynasty 5 or later
749,Reisner Date,Dynasty 5
749,PorterMoss Date,Dynasty 5 or 6
749,Baer Date,Dynasty 6
750,Baer Date,End of Dynasty 5
750,PorterMoss Date,End of Dynasty 5
750,Grdseloff Date,End of the reign of Djedkare
750,Harpur Date,Unis
750,Reisner Date,Latter part of Dynasty 5
754,Reisner Date,Late Menkaure - post-Neferirkare
754,PorterMoss Date,Late Dyn 4 or early Dyn 5
761,Reisner Date,Phase I to III ?
761,Roth Date,Niuserre - Djedkare
775,Roth Date,Djedkare or Unis
775,PorterMoss Date,Sahure to Unis
775,Reisner Date,Sahure to Unis
798,PorterMoss Date,Pepy I (?)
800,PorterMoss Date,Dynasty 5 (?)
801,PorterMoss Date,Dynasty 5-6 (?)
803,PorterMoss Date,Dynasty 6
809,PorterMoss Date,End of Dynasty 5 or later
809,Baer Date,End of Dynasty 5 or later
810,PorterMoss Date,Dynasty 5
815,PorterMoss Date,Dynasty 6
816,PorterMoss Date,Dynasty 6
820,PorterMoss Date,Probably Dynasty 6
820,Baer Date,Dynasty 6?
821,Baer Date,End of Dynasty 5
821,Baer Date,Second half of Djedkare
821,Baud Date,Djedkare
821,Harpur Date,Mid - late Djedkare
821,Jacquet-Gordon Date,Late Djedkare
821,Kanawati Date,Late Djedkare
821,Strudwick Date,Late in the reign of Djedkare
821,PorterMoss Date,Isesi
825,PorterMoss Date,Early Dynasty 6
825,Baer Date,Dynasty 6
826,Reisner Date,Late Dynasty 6
826,PorterMoss Date,Merenre I or Pepy II
830,PorterMoss Date,Dynasty 6
830,Reisner Date,Dynasty 7 or 8
831,Baer Date,Dynasty 6
831,PorterMoss Date,Late Pepy I or Merenre I
832,PorterMoss Date,Pepy II
833,PorterMoss Date,Unis
833,Baer Date,Dynasty 5: Unis
833,Baud Date,Djedkare - Unis
833,Brovarski Date,NULL
833,Harpur Date,Unis
833,Jacquet-Gordon Date,Unis
833,Kanawati Date,Late Unis
833,Strudwick Date,MId Unis
835,PorterMoss Date,Dynasty 6 (?)
836,PorterMoss Date,Dynasty 6
839,PorterMoss Date,Dynasty 6
856,PorterMoss Date,Late Dynasty V
864,PorterMoss Date,Late Dynasty 5
867,PorterMoss Date,Late Dynasty 5
869,PorterMoss Date,Late Dynasty 5
870,PorterMoss Date,Late Dynasty 5
871,PorterMoss Date,Late Dynasty 5
872,PorterMoss Date,Dynasty 5-6
875,Harpur Date,Unis
878,PorterMoss Date,Early Dynasty 6
897,PorterMoss Date,Dynasty 6
923,PorterMoss Date,Dynasty 6
933,PorterMoss Date,Dynasty 6 (?)
948,Baer Date,Dynasty 6
948,PorterMoss Date,Dynasty 6
948,Reisner Date,Middle Dynasty 5
949,Reisner Date,Middle Dynasty 5
951,Reisner Date,Dynasty 5-6
952,Baer Date,Dynasty 6
952,PorterMoss Date,Dynasty 6
952,Reisner Date,Niuserre or later
958,Reisner Date,Dynasty 5-6
958,PorterMoss Date,Dynasty 6
958,Baer Date,Dynasty 6
959,Baer Date,Dynasty 6
959,PorterMoss Date,Dynasty 6
959,Reisner Date,Late Dynasty 5
966,Reisner Date,Early Dynasty 5
969,Reisner Date,Dynasty 5
969,PorterMoss Date,Dynasty 6
970,Reisner Date,Dynasty 5
971,Reisner Date,Dynasty 5-6
971,PorterMoss Date,Dynasty 6
976,Reisner Date,Early Dynasty 5
982,PorterMoss Date,Dynasty 6
987,PorterMoss Date,Dynasty 6
987,Reisner Date,End of Dynasty 5
992,Reisner Date,Dynasty 5
992,PorterMoss Date,Dynasty 6
993,PorterMoss Date,Dynasty 6
993,Reisner Date,Dynasty 6
994,Reisner Date,Dynasty 5-6
995,PorterMoss Date,Dynasty 6
995,Reisner Date,Dynasty 6
996,PorterMoss Date,Dynasty 6
996,Reisner Date,Late Dynasty 5
997,Reisner Date,Dynasty 5
997,PorterMoss Date,Dynasty 6
998,Reisner Date,Middle Dynasty 5
999,Junker Date,Dynasty 4
999,PorterMoss Date,Khufu
999,Baer Date,"Dynasty 4, Khufu"
1000,PorterMoss Date,Dynasty 5-6
1002,PorterMoss Date,Middle or late Dynasty 4
1004,Baer Date,Dynasty 4
1004,PorterMoss Date,Khufu
1005,PorterMoss Date,Khufu
1007,PorterMoss Date,Middle Dyn 4 to early Dyn 5
1007,Baer Date,Not before Khafre
1008,Reisner Date,Early Dynasty 5
1008,PorterMoss Date,Early Dyn 5 or end Dyn 5-later
1008,Baer Date,End of Dynasty 5 or later
1009,PorterMoss Date,Khufu
1010,PorterMoss Date,Khufu
1012,PorterMoss Date,Dynasty 5
1021,PorterMoss Date,Middle or late Dynasty 4
1023,PorterMoss Date,Middle or late Dynasty 4
1024,PorterMoss Date,First Intermediate Period
1024,Junker Date,After Dynasty 6
1024,Baer Date,Dynasty 6 or later
1025,PorterMoss Date,Late Dyn 4 or early Dyn 5
1026,Reisner Date,Late period
1027,PorterMoss Date,Userkaf or later
1028,PorterMoss Date,Middle Dynasty 5 or later
1028,Harpur Date,Niuserre - Unis
1028,Baer Date,Middle of Dynasty 5 or later
1035,Baer Date,Dynasty 6
1035,PorterMoss Date,Dynasty 5-6
1040,PorterMoss Date,Khephren or later
1044,PorterMoss Date,Mid Dyn 4 to early Dyn 5
1046,PorterMoss Date,Dynasty 6 or later
1047,PorterMoss Date,Khufu
1047,Baer Date,Early Dynasty 6 or later
1047,Reisner Date,Late Khufu (Cheops)
1050,PorterMoss Date,Khufu
1051,PorterMoss Date,Dynasty 5
1056,PorterMoss Date,Dynasty 6
1056,Baer Date,Dynasty 6
1063,Kanawati Date,Userkaf
1063,Reisner Date,Userkaf
1063,Baer Date,Later Dynasty 5
1063,PorterMoss Date,Userkaf or late Dynasty 5
1065,PorterMoss Date,Late Dynasty 5
1069,PorterMoss Date,Dynasty 6
1071,PorterMoss Date,Middle or late Dynasty 4
1079,PorterMoss Date,Middle or late Dynasty 4
1080,PorterMoss Date,Dynasty 6
1080,Baer Date,Dynasty 6
1080,Harpur Date,Dynasty 6
1080,Junker Date,Dynasty 6
1080,Kanawati Date,Early Djedkare
1080,idem Date,Most likely Djedkare
1080,Reisner Date,After Neferirkare
1082,Harpur Date,Unis - Teti
1082,Baer Date,End of Dynasty 5 or later
1082,PorterMoss Date,End of Dynasty 5 or later
1088,PorterMoss Date,Dynasty 5
1093,PorterMoss Date,Dynasty 5
1093,Baer Date,End Dynasty 5 or later
1094,PorterMoss Date,Dynasty 5
1097,PorterMoss Date,Middle or late Dynasty 4
1103,PorterMoss Date,Late Dynasty 6
1104,PorterMoss Date,Middle or late Dynasty 4
1105,PorterMoss Date,Early to middle Dynasty 5
1105,Baer Date,Early to middle Dynasty 5
1105,Baud Date,Khafre
1105,Harpur Date,Userkaf - Neferefre
1105,Junker Date,mid Dynasty 5
1105,Kanawati Date,Late Djedkare
1106,PorterMoss Date,Middle or late Dynasty 4
1107,PorterMoss Date,Dynasty 5
1107,Harpur Date,Djedkare - mid Unis
1107,Kanawati Date,End of Dynasty 4
1107,Reisner Date,Dynasty 5-before Neferirkare
1107,Baer Date,Dynasty 5
1109,PorterMoss Date,Probably first half of Dynasty 5
1112,PorterMoss Date,Probably first half of Dynasty 5
1113,PorterMoss Date,Sahure or Neuserre
1115,PorterMoss Date,Probably end of Dynasty 5
1123,PorterMoss Date,Late Dynasty 5 or Dynasty 6
1127,PorterMoss Date,Dynasty 6
1128,Baer Date,Dynasty 4
1128,PorterMoss Date,Menkaure
1131,PorterMoss Date,Late Old Kingdom
1132,PorterMoss Date,End of Dynasty 5 or Dynasty 6
1132,Baer Date,End of Dyn. 5 or somewhat later
1132,Kanawati Date,Late Djedkare
1132,Harpur Date,Niuserre - Teti
1132,Junker Date,Late Dynasty 5 - early Dynasty 6
1137,Baer Date,Dynasty 6
1137,PorterMoss Date,Late Dynasty 5 or Dynasty 6
1138,PorterMoss Date,Late Dynasty 5 or Dynasty 6
1142,PorterMoss Date,Late Dynasty 5
1151,PorterMoss Date,Middle or late Dynasty 4
1155,PorterMoss Date,Middle or late Dynasty 4
1155,Baer Date,Middle to late Dynasty 4
1157,PorterMoss Date,Dynasty 5-6
1158,PorterMoss Date,Early Dynasty 5 or later
1158,Baer Date,Early Dynasty 5 or later
1158,Harpur Date,Userkaf - Neferefre
1158,Jacquet-Gordon Date,First half of Dynasty 5
1158,Junker Date,Beginning of Dynasty 5
1158,Kanawati Date,Late Menkaure
1158,Reisner Date,Probably later than Dynasty 4
1161,Baer Date,Sahure-Neferirkare
1161,Harpur Date,Userkaf - Neferirkare
1161,Jacquet-Gordon Date,Early Dynasty 5
1161,Junker Date,Early Dynasty 5
1161,Kanawati Date,Late Sahure
1161,idem Date,"Dyn 5, probably Sahure-Niuserre"
1161,Reisner Date,Late Menkaure - post-Neferirkare
1161,Strudwick Date,Early Dynasty 5
1161,Baer Date,Dynasty 5
1161,PorterMoss Date,Sahure or Neferirkare
1162,PorterMoss Date,Dynasty 6
1165,Baer Date,Early to mid Dynasty 5
1165,PorterMoss Date,Early or middle Dynasty 5
1165,Baud Date,Khafre
1165,Harpur Date,Userkaf - Sahure
1165,Jacquet-Gordon Date,Slightly post- Niuserre
1165,Junker Date,Slightly after Niuserre
1165,Kanawati Date,Early Dynasty 5
1165,idem Date,Sahure or immediately after
1165,Reisner Date,Late Menkaure - post-Neferirkare
1170,Harpur Date,Djedkare - mid Unis
1170,Junker Date,End of Dynasty 5
1170,Kanawati Date,Djedkare
1170,Reisner Date,Djedkare
1170,Baer Date,End Dynasty 5
1170,PorterMoss Date,Late Dynasty 5
1171,PorterMoss Date,Late Dynasty 5 or Dynasty 6
1171,Harpur Date,Unis - Teti ?
1171,Jacquet-Gordon Date,End Dyn 5 - Begin Dyn 6
1173,PorterMoss Date,Dynasty 26
1175,Porter & Moss Date,Khufu to Shepseskaf
1176,PorterMoss Date,Khufu to Menkaure
1176,Baer Date,End of Dynasty 4 or later
1177,PorterMoss Date,Middle or late Dynasty 4
1192,Reisner Date,Dynasty 5-6
1206,Reisner Date,Dynasty 5-6
1210,Harpur Date,Unis - Teti ?
1210,PorterMoss Date,Late Dynasty 5 or Dynasty 6
1213,PorterMoss Date,Khufu to late Dynasty 4
1222,PorterMoss Date,Dynasty 6
1223,PorterMoss Date,Dynasty 6
1224,PorterMoss Date,Dynasty 5
1225,PorterMoss Date,Dynasty 6
1226,PorterMoss Date,Dynasty 6
1227,PorterMoss Date,Dynasty 6
1228,PorterMoss Date,Dynasty 5-6
1229,PorterMoss Date,End of Dynasty 5 or later
1229,Baer Date,End of Dynasty 5 or later
1229,Harpur Date,Unis - Dynasty 6
1230,PorterMoss Date,Dynasty 6
1231,PorterMoss Date,Dynasty 5 or later
1231,Harpur Date,Unis - Teti
1232,PorterMoss Date,Middle Dynasty 5 or later
1233,PorterMoss Date,Dynasty 6
1234,PorterMoss Date,Dynasty 6
1235,PorterMoss Date,Dynasty 6
1237,PorterMoss Date,Middle Dynasty 5 or later
1238,PorterMoss Date,Late Old Kingdom
1239,PorterMoss Date,Dynasty 5 or later
1240,PorterMoss Date,Late Dynasty 6
1241,PorterMoss Date,Late Old Kingdom
1242,PorterMoss Date,Late Dynasty 6
1243,PorterMoss Date,Dynasty 6
1244,PorterMoss Date,End of Dynasty 5
1244,Baer Date,End of Dynasty 5
1244,Harpur Date,Unis
1244,Kanawati Date,Early Unis
1245,Baer Date,Dynasty 6
1245,Harpur Date,Teti
1245,Kanawati Date,Early Djedkare
1245,PorterMoss Date,Dynasty 6
1246,PorterMoss Date,Middle Dynaty 5 or later
1246,Harpur Date,Niuserre - Unis
1247,PorterMoss Date,Middle Dynasty 5
1248,PorterMoss Date,Dynasty 5-6
1249,PorterMoss Date,Dynasty 6
1250,PorterMoss Date,Dynasty 6
1251,PorterMoss Date,Dynasty 5-6
1252,PorterMoss Date,Late Old  Kingdom
1253,PorterMoss Date,Dynasty 6
1254,PorterMoss Date,Dynasty 5 or later
1255,PorterMoss Date,Dynasty 5-6
1256,PorterMoss Date,Dynasty 5 or later
1257,PorterMoss Date,Dynasty 5
1257,Harpur Date,Niuserre - Unis ?
1258,PorterMoss Date,Middle Dynasty 5 or later
1259,PorterMoss Date,Middle Dynasty 5 or later
1259,Baer Date,Mid Dynasty 5 or later
1259,Harpur Date,Late Djedkare - mid Unis
1259,Jacquet-Gordon Date,Dynasty 6 ?
1260,PorterMoss Date,Dynasty 6
1261,PorterMoss Date,Probably dynasty 5
1262,PorterMoss Date,Dynasty 4-5
1263,PorterMoss Date,Dynasty 5
1264,PorterMoss Date,Dynasty 5-6
1265,PorterMoss Date,Dynasty 5
1266,PorterMoss Date,Middle of Dynasty 5 or later
1266,Baer Date,Mid Dynasty 5 or later.
1266,Harpur Date,Niuserre - Unis ?
1266,Kanawati Date,Second half of Dynasty 5
1267,PorterMoss Date,Dynasty 5-6
1268,PorterMoss Date,Dynasty 5 or later
1269,Baer Date,Khafre
1269,PorterMoss Date,Khufu to Khafre
1270,PorterMoss Date,Late Dynasty 5 and Ptolemaic
1271,PorterMoss Date,Late Dynasty 4
1271,Baer Date,Dynasty 4 or so
1272,Reisner Date,Dynasty 5-6
1273,Reisner Date,Dynasty 5-6
1280,PorterMoss Date,Dynasty 6
1282,PorterMoss Date,Dynasty 5
1283,PorterMoss Date,Middle or late Dynasty 4
1286,Reisner Date,Dynasty 5-6
1287,PorterMoss Date,Ptolemaic
1288,Reisner Date,Ptolemaic
1289,Reisner Date,Dynasty 5-6
1290,PorterMoss Date,Dynasty 6
1291,Baer Date,Khafre to Menkaure
1291,PorterMoss Date,Khufu to Menkaure
1300,PorterMoss Date,Dynasty 5
1306,PorterMoss Date,Dynasty 5
1307,PorterMoss Date,Razedef to Sahure
1307,Jacquet-Gordon Date,Early Dynasty 5
1307,Harpur Date,Sahure
1307,Reisner Date,Sahure
1308,PorterMoss Date,Middle to end of Dynasty 4
1309,PorterMoss Date,Middle Dynasty 5 or later
1310,PorterMoss Date,Late Old Kingdom
1311,PorterMoss Date,Dynasty 6
1312,PorterMoss Date,Dynasty 6
1313,PorterMoss Date,Probably Dynasty 5
1314,PorterMoss Date,Middle Dynasty 5 or later
1314,Baer Date,Mid Dynasty 5 or later
1314,Harpur Date,Niuserre - Dynasty 6
1315,PorterMoss Date,Dynasty 5
1316,PorterMoss Date,Late Old Kingdom
1317,PorterMoss Date,Late Old Kingdom
1318,Harpur Date,Niuserre - Teti
1318,PorterMoss Date,Late Dyn 5 or early Dyn 6
1319,PorterMoss Date,Late Dynasty 5
1321,PorterMoss Date,Dynasty 6
1322,PorterMoss Date,Dynasty 6
1323,PorterMoss Date,Dynasty 5 or later
1324,PorterMoss Date,Dynasty 26
1325,PorterMoss Date,Dynasty 5-6
1326,PorterMoss Date,Late Old Kingdom
1327,PorterMoss Date,Dynasty 6
1328,PorterMoss Date,Dynasty 5-6
1329,PorterMoss Date,Dynasty 26
1330,PorterMoss Date,Dynasty 5 or later
1331,PorterMoss Date,Dynasty 5-6
1332,PorterMoss Date,Dynasty 26
1333,PorterMoss Date,Dynasty 6
1334,PorterMoss Date,Middle Dynasty 5 or later
1335,PorterMoss Date,Late Dynasty 5
1336,PorterMoss Date,Dynasty 6
1337,PorterMoss Date,Late Old Kingdom
1338,PorterMoss Date,Middle of Dynasty 5 or later
1339,PorterMoss Date,Dynasty 5-6
1343,PorterMoss Date,Late Dynasty 5 or Dynasty 6
1343,Harpur Date,Unis - Dynasty 6?
1343,Strudwick Date,Late Dynasty 5 - early Dynasty 6
1352,PorterMoss Date,Early Dynasty 6
1353,PorterMoss Date,Dynasty 5-6
1354,PorterMoss Date,Dynasty 6
1355,PorterMoss Date,Dynasty 6
1357,PorterMoss Date,Dynasty 6
1358,PorterMoss Date,Early Dynasty 6
1358,Baer Date,Dynasty 6
1359,PorterMoss Date,Dynasty 6
1363,PorterMoss Date,Middle to end of Dynasty 5
1363,Baer Date,Mid Dynasty 5 to late Dynasty 5
1363,Harpur Date,Niuserre
1363,Reisner Date,Niuserre
1363,idem Date,After Niuserre
1364,Reisner Date,Late Dynasty 5 or early Dyn 6
1365,Reisner Date,Late Dynasty 5 or early Dyn 6
1366,Reisner Date,Late Dynasty 5 or early Dyn 6
1367,Reisner Date,Late Dynasty 5 or early Dyn 6
1369,Harpur Date,Late Neferirkare
1369,Jacquet-Gordon Date,Niuserre
1369,Reisner Date,Mid Niuserre
1369,idem Date,Niuserre
1369,PorterMoss Date,Dynasty 5: Niuserre or later
1369,Baer Date,Niuserre or slightly later
1379,Baer Date,Mid Dynasty 5
1379,PorterMoss Date,Mid Dynasty 5
1379,Harpur Date,Niuserre
1379,Reisner Date,Mid Niuserre
1386,PorterMoss Date,Dynasty 5-6
1387,Baer Date,Dynasty 5
1387,PorterMoss Date,Neferirkare
1387,Baer Date,Neferirkare
1387,Baud Date,Userkaf - Neferirkare
1387,Harpur Date,Neferirkare
1387,Reisner Date,Neferirkare - Niuserre
1387,idem Date,Neferirkare
1389,PorterMoss Date,Late Dynasty 5
1490,Reisner Date,Ptolemaic
1509,PorterMoss Date,Khufu
1510,PorterMoss Date,Khephren
1511,PorterMoss Date,Khufu to Khafre
1511,Baer Date,Dynasty 4
1512,Baer Date,End of Dyn 4 to early Dyn 5
1512,PorterMoss Date,Middle Dyn 4 to early Dyn 5
1516,PorterMoss Date,Pepy I or later
1516,Baer Date,Dynasty 6
1517,Baer Date,Dynasty 6 or later
1517,PorterMoss Date,Pepy I or later
1518,PorterMoss Date,Khufu
1518,Baer Date,Middle of Dynasty 4
1519,PorterMoss Date,Late Dyn 4 to early Dyn 5
1520,PorterMoss Date,Neuserre
1521,Baer Date,Mid to end of Dynasty 4
1521,PorterMoss Date,Khufu to end of Dynasty 4
1522,PorterMoss Date,Ptolemaic
1523,PorterMoss Date,Late Dynasty 4 to Dynasty 5
1524,PorterMoss Date,Mycerinus or later
1525,PorterMoss Date,Late Dynasty 4 to Dynasty 5
1526,PorterMoss Date,Late Dynasty 4 to Dynasty 5
1527,PorterMoss Date,Dynasty 5-6 (?)
1536,PorterMoss Date,Niuserre
1536,Baud Date,Niuserre
1536,Baer Date,Dynasty 5: Niuserre
1536,Harpur Date,Niuserre
1536,Simpson Date,Niuserre or later
1536,Schmitz Date,Niuserre
1536,Strudwick Date,Neferirkare - Niuserre
1538,Harpur Date,Unis - Teti ?
1538,Strudwick Date,Early -middle reign of Niuserre
1538,Baer Date,Dynasty 5 to Dynasty 6
1538,PorterMoss Date,Late Dynasty 5 or Dynasty 6
1542,PorterMoss Date,Dynasty 5
1544,PorterMoss Date,Dynasty 5-6
1545,PorterMoss Date,Dynasty 4-5
1553,PorterMoss Date,Dynasty 4 (?)
1564,PorterMoss Date,Khufu to early Dynasty 5
1565,PorterMoss Date,Khufu to Khafre
1565,Baer Date,Dynasty 4
1570,Baer Date,Dynasty 4
1570,PorterMoss Date,Khafre
1571,Reisner Date,Dynasty 5-6
1572,Reisner Date,Dynasty 5-6
1573,Reisner Date,Dynasty 5-6
1577,Reisner Date,Dynasty 5-6
1584,PorterMoss Date,Dynasty 18
1586,PorterMoss Date,Dynasty 26
1598,PorterMoss Date,Probably Dynasty 5-6
1605,PorterMoss Date,Dynasty 5
1606,PorterMoss Date,End of Dyn 4 or early Dyn 5
1611,PorterMoss Date,Dynasty 5-6
1612,PorterMoss Date,Dynasty 5-6
1618,PorterMoss Date,End of Dyn 4 or early Dyn 5
1619,PorterMoss Date,Dynasty 5-6
1620,PorterMoss Date,Dynasty 5-6
1633,PorterMoss Date,Dynasty 5
1645,PorterMoss Date,End of Dynasty 5 or Dynasty 6
1645,Baer Date,End of Dynasty 5 - Dynasty 6
1653,PorterMoss Date,Dynasty 5-6
1688,Reisner Date,Late Dynasty 5
1695,PorterMoss Date,Menkaure
1696,PorterMoss Date,Menkaure
1697,PorterMoss Date,Dynasty 4: Menkaure
1697,Baer Date,Menkaure or later
1698,PorterMoss Date,Menkaure
1699,Baer Date,Dynasty 5
1699,PorterMoss Date,Dynasty 5 or later
1700,PorterMoss Date,Menkaure
1701,PorterMoss Date,End of Dynasty 5 or later
1701,Baer Date,End of Dynasty 5 or later
1701,Harpur Date,Unis - Teti ?
1702,PorterMoss Date,Menkaure
1769,PorterMoss Date,Old Kingdom
1770,PorterMoss Date,Dynasty 5-6
1772,PorterMoss Date,Dynasty 4
1773,PorterMoss Date,Dynasty 4
1775,PorterMoss Date,Dynasty 4
1776,PorterMoss Date,Dynasty 4
1777,PorterMoss Date,Dynasty 4
1778,PorterMoss Date,Dynasty 4
1779,PorterMoss Date,Dynasty 4
1780,PorterMoss Date,Dynasty 4
1782,PorterMoss Date,Dynasty 4
1783,PorterMoss Date,Dynasty 4
1790,PorterMoss Date,Dynasty 4
1791,PorterMoss Date,Isesi
1792,PorterMoss Date,Dynasty 5-6
1793,PorterMoss Date,Khafre to Menkaure or later
1794,PorterMoss Date,Dynasty 5-6
1795,PorterMoss Date,Dynasty 5 or later
1795,Baer Date,?
1796,Baer Date,Early Dynasty 5.
1796,Harpur Date,Userkaf - Sahure
1796,Kanawati Date,Djedkare - Unis
1796,Reisner Date,late Menkaure - post-Neferirkare
1796,Strudwick Date,Early Dynasty 5
1796,PorterMoss Date,Probably early Dynasty 5
1797,PorterMoss Date,Dynasty 6
1799,PorterMoss Date,Dynasty 6
1800,PorterMoss Date,Dynasty 6
1801,PorterMoss Date,End of Dynasty 5 or Dynasty 6
1801,Baer Date,Very end of Dynasty 5 or later
1801,Harpur Date,Unis - Teti
1801,Jacquet-Gordon Date,Dynasty 6
1801,Junker Date,Beginning of Dynasty 6
1802,PorterMoss Date,Dynasty 6
1803,PorterMoss Date,Dynasty 5-6
1804,PorterMoss Date,Middle Dynasty 5 or Dynasty 6
1805,PorterMoss Date,Late Dyn 5 or early Dyn 6
1806,PorterMoss Date,Dynasty 5-6
1807,PorterMoss Date,Dynasty 5-6
1808,PorterMoss Date,Dynasty 5-6
1809,PorterMoss Date,Dynasty 5-6
1810,PorterMoss Date,Dynasty 5-6
1811,PorterMoss Date,Dynasty 6
1812,PorterMoss Date,Dynasty 5-6
1814,PorterMoss Date,Dynasty 5-6
1815,PorterMoss Date,Dynasty 5-6
1816,PorterMoss Date,Dynasty 5-6
1817,Baer Date,Dynasty 5 or later
1817,PorterMoss Date,Dynasty 5 or later
1818,PorterMoss Date,Dynasty 5-6
1819,PorterMoss Date,Middle Dynasty 5 or Dynasty 6
1820,PorterMoss Date,Dynasty 5-6
1821,PorterMoss Date,Dynasty 5
1822,PorterMoss Date,Dynasty 26
1823,PorterMoss Date,Dynasty 26
1824,PorterMoss Date,Dynasty 26
1825,PorterMoss Date,Khafre to Menkaure or later
1826,PorterMoss Date,End of Dynasty 5 or later
1826,Baer Date,End of Dynasty 5 or later
1826,Harpur Date,Unis - Dynasty 6
1827,PorterMoss Date,Dynasty 6
1828,PorterMoss Date,End of Dyasty 4
1829,PorterMoss Date,Khephren to end of Dynasty 4
1830,PorterMoss Date,Khephren
1831,Baer Date,Khafre to Menkaure
1831,PorterMoss Date,Khafre to early Dynasty 5
1832,PorterMoss Date,Menkaure
1833,PorterMoss Date,Middle Dynasty 5 or later
1833,Harpur Date,Niuserre - Unis ?
1833,Baer Date,Mid Dynasty 5 or later
1833,Junker Date,Dynasty 6
1834,PorterMoss Date,End of Dynasty 4
1835,PorterMoss Date,Dynasty 5-6
1836,Baer Date,Dynasty 6
1836,Reisner Date,Late Dynasty 4 or Dynasty 5
1836,PorterMoss Date,Late Dyn 4 or 5 or Dyn 6
1837,PorterMoss Date,End of Dynasty 5
1838,PorterMoss Date,Dynasty 5
1839,PorterMoss Date,Middle Dynasty 5 or later
1840,PorterMoss Date,End of Dyn 4 or early Dyn 5
1841,PorterMoss Date,Middle Dynasty 5 or later
1842,PorterMoss Date,Dynasty 6
1843,PorterMoss Date,Dynasty 6
1844,PorterMoss Date,Dynasty 5-6
1845,PorterMoss Date,Early Dyn 5 or Dyn 6
1846,PorterMoss Date,Dynasty 5 or later
1847,PorterMoss Date,Late Old Kingdom
1848,PorterMoss Date,Dynasty 6
1849,PorterMoss Date,Dynasty 6
1850,PorterMoss Date,Dynasty 5 or later
1851,PorterMoss Date,Late Old Kingdom
1852,PorterMoss Date,Dynasty 6
1853,PorterMoss Date,Middle to end of Dynasty 4 or ea
1855,PorterMoss Date,Late Dynasty 5 or Dynasty 6
1856,PorterMoss Date,End of Dynasty 4 to Dynasty 5
1857,PorterMoss Date,Dynasty 5 or later
1858,PorterMoss Date,Dynasty 6
1859,PorterMoss Date,Dynasty 6
1860,PorterMoss Date,Dynasty 6
1861,PorterMoss Date,Dynasty 5-6
1862,PorterMoss Date,Late Dynasty 5 or Dynasty 6
1863,PorterMoss Date,Dynasty 5
1863,Harpur Date,Niuserre - Unis
1864,PorterMoss Date,Dynasty 5 or later
1865,PorterMoss Date,Probably late Dynasty 4
1866,PorterMoss Date,Dynasty 6
1867,PorterMoss Date,Middle Dyasty 5 or later
1868,PorterMoss Date,Mid- or end Dyn 4 or Dyn 5
1869,PorterMoss Date,End of Dynasty 5 or later
1869,Harpur Date,Unis - Teti
1870,PorterMoss Date,Dynasty 6
1871,PorterMoss Date,Dynasty 5
1872,PorterMoss Date,Dynasty 6
1873,PorterMoss Date,Dynasty 6
1874,PorterMoss Date,Dynasty 6
1875,PorterMoss Date,End of Dynasty 5 or later
1876,PorterMoss Date,Dynasty 6
1877,PorterMoss Date,Dynasty 5-6
1878,PorterMoss Date,Dynasty 6
1879,PorterMoss Date,Dynasty 6
1881,PorterMoss Date,Dynasty 6
1882,PorterMoss Date,Dynasty 6
1883,PorterMoss Date,Dynasty 5-6
1884,PorterMoss Date,Dynasty 5 or later
1885,PorterMoss Date,End of Dynasty 5 or later
1886,PorterMoss Date,Middle Dynasty 5 or later
1886,Baer Date,Mid Dynasty 5 or later
1887,PorterMoss Date,Dynasty 6
1888,PorterMoss Date,Dynasty 6 or later
1889,PorterMoss Date,Dynasty 6
1890,PorterMoss Date,Late Dyn 5 or early Dyn 6
1891,PorterMoss Date,End of Dynasty 5 or Dynasty 6
1891,Baer Date,End of the Dyn 5 or Dyn 6
1891,Harpur Date,Unis - Dynasty 6
1892,PorterMoss Date,Probably Dynasty 5-6
1893,PorterMoss Date,Possibly late Dynasty 4
1894,PorterMoss Date,Late Old Kingdom
1895,PorterMoss Date,Dynasty 6
1896,PorterMoss Date,Dynasty 6
1897,PorterMoss Date,Dynasty 6
1898,PorterMoss Date,Dynasty 5
1899,PorterMoss Date,Middle Dynasty 5 or later
1900,PorterMoss Date,Prob ably Dynasty 5 or later
1901,PorterMoss Date,Late Dyn 5 or early Dyn 6
1902,PorterMoss Date,End of Dynasty 5 or later
1903,PorterMoss Date,Late Old Kingdom
1903,(not entered),NULL
1904,PorterMoss Date,Dynasty 6
1906,PorterMoss Date,Probably late Dynasty 5
1907,PorterMoss Date,Dynasty 6
1907,Baer Date,Dynasty 6
1907,Harpur Date,Niuserre - Teti
1907,Strudwick Date,Perhaps mid Dyn 5 - early Dyn 6
1908,Baer Date,Niuserre or later
1908,Harpur Date,Niuserre - Djedkare
1908,PorterMoss Date,Neuserre or later
1909,PorterMoss Date,Dynasty 5 or early Dynasty 6
1910,PorterMoss Date,Dynasty 5
1911,PorterMoss Date,Early or middle Dynasty 5
1912,PorterMoss Date,Dynasty 5
1913,PorterMoss Date,Dynasty 5
1914,PorterMoss Date,Middle or late Dynasty 5
1914,Harpur Date,Niuserre - Unis
1914,Kanawati Date,Early Djedkare
1915,PorterMoss Date,Late Old Kingdom
1916,PorterMoss Date,End of Dynasty 5 or later
1917,PorterMoss Date,Dynasty 5 or later
1918,PorterMoss Date,Dynasty 5
1919,PorterMoss Date,Late Dynasty 4 or Dynasty 5
1920,PorterMoss Date,Dynasty 5
1921,PorterMoss Date,Dynasty 5-6
1923,PorterMoss Date,Dynasty 5-6
1924,PorterMoss Date,Dynasty 5
1925,PorterMoss Date,Dynasty 5-6
1926,PorterMoss Date,Middle to end of Dynasty 4
1927,PorterMoss Date,Izezi
1928,PorterMoss Date,End of dynasty 5 or later
1929,PorterMoss Date,Dynasty 6
1930,PorterMoss Date,Dynasty 6
1931,PorterMoss Date,Dynasty 6
1932,PorterMoss Date,Dynasty 5-6
1933,PorterMoss Date,Dynasty 6
1934,PorterMoss Date,Dynasty 6
1935,PorterMoss Date,Neferirkare or a little later
1935,Baer Date,Neferirkare - mid Dynasty 5
1935,Harpur Date,Neferirkare
1935,Jacquet-Gordon Date,Neferirkare
1936,PorterMoss Date,Dynasty 5-6
1937,PorterMoss Date,Late Dynasty 4 or Dynasty 5
1938,PorterMoss Date,Dynasty 6
1939,PorterMoss Date,Dynasty 5 or later
1940,PorterMoss Date,Early Dynasty 5
1940,Baer Date,Early Dynasty 5
1940,Harpur Date,Userkaf - Sahure
1940,Kanawati Date,Early Dynasty 5
1941,PorterMoss Date,Middle Dynasty 5 or later
1942,PorterMoss Date,Dynasty 5
1943,PorterMoss Date,End of Dyn 5 or early Dyn 6
1943,Harpur Date,Unis - Teti
1944,PorterMoss Date,End of Dynasty 4 or later
1945,PorterMoss Date,Dynasty 5 or later
1946,PorterMoss Date,Dynasty 6
1948,PorterMoss Date,Early Dynasty 5
1949,PorterMoss Date,Dynasty 5
1949,Brovarski Date,Dynasty 4-6
1950,PorterMoss Date,Dynasty 5-6
1951,PorterMoss Date,Late Old Kingdom
1952,PorterMoss Date,End of Dynasty 5 or later
1953,PorterMoss Date,Middle Dynasty 5 or later
1953,Baer Date,Mid Dynasty 5 or later
1953,Harpur Date,Niuserre - Unis
1954,PorterMoss Date,Dynasty 6
1955,PorterMoss Date,Dynasty 5-6
1956,PorterMoss Date,Dynasty 6
1958,PorterMoss Date,Dynasty 6
1959,PorterMoss Date,Dynasty 6
1960,PorterMoss Date,Late Old Kingdom
1961,PorterMoss Date,Dynasty 6
1962,PorterMoss Date,Dynasty 5-6
1963,PorterMoss Date,Dynasty 5-6
1966,PorterMoss Date,Probably Dynasty 6
1967,PorterMoss Date,Dynasty 5-6
1968,PorterMoss Date,Dynasty 5-6
1969,PorterMoss Date,Dynasty 5-6
1970,PorterMoss Date,End of Dyn 5 to middle Dyn 6
1971,PorterMoss Date,Dynasty 6
1972,PorterMoss Date,Dynasty 5-6
1973,PorterMoss Date,End of Dynasty 5 or Dynasty 6
1974,PorterMoss Date,Dynasty 6
1975,PorterMoss Date,Dynasty 6
1976,PorterMoss Date,Dynasty 6
1977,PorterMoss Date,End of Dynasty 5 or Dynasty 6
1978,PorterMoss Date,Dynasty 5-6
1979,PorterMoss Date,Middle Dynasty 6 or later
1980,PorterMoss Date,Dynasty 5 or later
1982,PorterMoss Date,Dynasty 5-6
1983,PorterMoss Date,Dynasty 5
1984,PorterMoss Date,End of Dyn 5 or early Dyn 6
1985,PorterMoss Date,Late Dynasty 4 or Dynasty 5
1986,PorterMoss Date,Dynasty 5
1987,PorterMoss Date,Dynasty 5-6
1988,PorterMoss Date,Dynasty 5-6
1989,PorterMoss Date,Dynasty 6
1990,PorterMoss Date,Dynasty 26
1991,PorterMoss Date,Dynasty 5
1992,PorterMoss Date,Dynasty 6
1993,PorterMoss Date,Dynasty 5-6
1994,PorterMoss Date,Dynasty 5-6
1995,PorterMoss Date,Middle Dynasty 5 or later
1996,PorterMoss Date,Dyn 5 or 6; reused Late Period
1996,PorterMoss Date,Dynasty 5-6
1997,PorterMoss Date,Dynasty 5-6
1998,PorterMoss Date,Dynasty 5-6
1999,PorterMoss Date,Dynasty 2 or 3
2000,PorterMoss Date,Dynasty 5 or later
2001,PorterMoss Date,Dynasty 5-6
2002,PorterMoss Date,Dynasty 5-6
2003,PorterMoss Date,Dyn 5-6; reused in Late Period
2004,PorterMoss Date,Dynasty 5
2005,PorterMoss Date,Old Kingdom
2006,PorterMoss Date,End of Dynasty 4
2007,PorterMoss Date,`Dynasty 5-6
2008,PorterMoss Date,Dynasty 6 or later (?)
2009,PorterMoss Date,Late Dynasty 5
2009,Harpur Date,Unis
2010,PorterMoss Date,Middle Dynasty 5 or later
2011,PorterMoss Date,Dynasty 5
2012,PorterMoss Date,Dynasty 4-5
2013,PorterMoss Date,End of Dyn 4 or early Dyn 5
2014,PorterMoss Date,Late Dyn 5 or Dyn 6
2015,PorterMoss Date,Late Dynasty 4 or Dynasty 5
2016,PorterMoss Date,Dynasty 5-6
2017,PorterMoss Date,Middle to late Dynasty 5
2018,PorterMoss Date,Dynasty 6
2019,PorterMoss Date,Probably Dynasty 5
2020,PorterMoss Date,Dynasty 5-6
2021,PorterMoss Date,Late Dynasty 4 or Dynasty 5
2022,PorterMoss Date,End of Dynasty 4
2023,PorterMoss Date,Dynasty 5
2024,PorterMoss Date,Late Dynasty 6
2025,PorterMoss Date,Middle Dynasty 5
2025,Harpur Date,Niuserre
2026,PorterMoss Date,Dynasty 4
2028,PorterMoss Date,Dynasty 4
2029,PorterMoss Date,Dynasty 4
2035,PorterMoss Date,Dynasty 4
2036,PorterMoss Date,Menkaure
2041,PorterMoss Date,Dynasty 5-6
2042,PorterMoss Date,Dynasty 5-6
2044,PorterMoss Date,Dynasty 6
2045,PorterMoss Date,Dynasty 6
2046,PorterMoss Date,Dynasty 6
2048,PorterMoss Date,Dynasty 5-6
2049,PorterMoss Date,Dynasty 5-6
2050,PorterMoss Date,Dynasty 6
2052,PorterMoss Date,Dynasty 6
2054,PorterMoss Date,Late Old Kingdom
2055,PorterMoss Date,Late Old Kingdom
2056,PorterMoss Date,Late Old Kingdom
2057,PorterMoss Date,Late Old Kingdom
2058,PorterMoss Date,Dynasty 5-6
2059,PorterMoss Date,Dynasty 6
2060,PorterMoss Date,Dynasty 5-6
2061,PorterMoss Date,Dynasty 5-6
2064,PorterMoss Date,Dynasty 5-6
2065,PorterMoss Date,Late Old Kingdom
2066,PorterMoss Date,Late Old Kingdom (?)
2067,PorterMoss Date,Late Dyn 6 or 1st Int. Period
2068,PorterMoss Date,Late Dyn 6 or 1st Int. Period
2069,PorterMoss Date,Dynasty 5-6
2070,PorterMoss Date,Early Dynasty 6 (?)
2071,PorterMoss Date,Dynasty 5-6
2072,PorterMoss Date,Dynasty 6
2073,PorterMoss Date,Dynasty 5
2074,PorterMoss Date,Dynasty 5
2074,Reisner Date,Menkaure
2075,PorterMoss Date,Dynasty 5 or later
2075,Reisner Date,Dynasty 5
2075,,
2076,PorterMoss Date,Dynasty 5
2076,Reisner Date,Late Dynasty 4 or Dynasty 5
2077,Reisner Date,Dynasty 5-6
2077,PorterMoss Date,Dynasty 5 or later
2078,PorterMoss Date,Dynasty 5 or later
2078,Reisner Date,Dynasty 5
2079,Reisner Date,Dynasty 5-6
2079,PorterMoss Date,Dynasty 5 or later
2080,PorterMoss Date,Khafre
2081,PorterMoss Date,Khafre
2082,PorterMoss Date,Sethos I to Amenophis II
2083,PorterMoss Date,Tuthmosis I
2093,PorterMoss Date,Dyn  21 with Dyn 26 enlargement
2094,Reisner Date,Late Dynasty 3 or Dynasty 4
2097,PorterMoss Date,Dynasty 5
2098,PorterMoss Date,Middle Dynasty 5
2100,PorterMoss Date,Dynasty 5
2102,PorterMoss Date,Middle or late Dynasty 4
2102,Manuelian Date,Khufu
2102,Jánosi Date,Khufu or shortly thereafter
2104,PorterMoss Date,Probably Dynasty 5-6
2105,PorterMoss Date,Dynasty 5-6
2106,Smith Date,Dynasty 5
2106,Harpur Date,Pepi II
2106,Baer Date,Middle of Dynasty 6
2106,PorterMoss Date,Middle Dynasty 6
2106,Cherpion Date,Niuserre
2107,PorterMoss Date,Middle Dynasty 5
2107,Baer Date,Mid Dynasty 5
2107,Kanawati Date,Early Djedkare
2107,Harpur Date,Niuserre
2118,Reisner Date,Dynasty 5
2118,PorterMoss Date,Dynasty 6
2132,Reisner Date,Late Dynasty 5 or early Dyn 6
2133,Reisner Date,Late Dynasty 5 or early Dyn 6
2138,Reisner Date,Ptolemaic
2139,Reisner Date,Ptolemaic
2140,Reisner Date,Ptolemaic
2148,Reisner Date,Neweserra or earlier
2154,PorterMoss Date,End of Dynasty 4
2155,PorterMoss Date,Late Dynasty 5
2155,Badawy Date,Late Dynasty 4 - early Dynasty 5
2155,Harpur Date,Menkauhor - Djedkare
2155,Strudwick Date,Perhaps middle of Dynasty 5
2156,PorterMoss Date,Dynasty 5
2157,Reisner Date,Dynasty 5-6
2160,Reisner Date,Chephren to Mycerinus
2161,Reisner Date,Late Dynasty 5
2162,Reisner Date,Late Dynasty 5
2163,Reisner Date,Dynasty 5
2164,Reisner Date,Dynasty 5
2165,Reisner Date,Late Dynasty 4 or Dynasty 5
2169,Reisner Date,Ptolemaic
2170,Reisner Date,Dynasty 5-6
2171,Reisner Date,Dynasty 5-6
2172,Reisner Date,Dynasty 5-6
2173,Reisner Date,Dynasty 5-6
2182,Reisner Date,Dynasty 5-6
2186,Reisner Date,Dynasty 5-6
2187,PorterMoss Date,Late Period
2189,Reisner Date,Old Kingdom & Ptolemaic
2190,Reisner Date,Old Kingdom
2191,Reisner Date,Dynasty 5-6
2192,Reisner Date,Dynasty 5-6
2193,Reisner Date,Dynasty 5-6
2194,Reisner Date,Dynasty 5-6
2195,Reisner Date,Dynasty 5-6
2197,Reisner Date,Dynasty 5-6
2198,Reisner Date,Dynasty 5-6
2199,Reisner Date,Dynasty 5-6
2200,Reisner Date,Dynasty 5-6
2201,PorterMoss Date,Old Kingdom
2205,PorterMoss Date,Dynasty 5-6
2206,Reisner Date,Dynasty 5-6
2208,Reisner Date,Dynasty 5-6
2210,Reisner Date,Ptolemaic
2212,Reisner Date,Ptolemaic
2222,Baer Date,Dynasty 5 or later
2222,PorterMoss Date,Probably first half of Dynasty 5
2228,PorterMoss Date,Dynasty 5-6
2229,PorterMoss Date,Menkaure
2230,PorterMoss Date,Menkaure (?)
2231,PorterMoss Date,Dynasty 5-6
2232,PorterMoss Date,Dynasty 5
2233,PorterMoss Date,Old Kingdom
2235,PorterMoss Date,Dynasty 26
2236,PorterMoss Date,Old Kingdom
2237,PorterMoss Date,Saite
2238,PorterMoss Date,Saite
2239,PorterMoss Date,Dynasty 5-6
2241,PorterMoss Date,Late Old Kindgom
2242,PorterMoss Date,Dynasty 5-6
2244,PorterMoss Date,1st Intermediate Period
2245,PorterMoss Date,Dynasty 6
2246,PorterMoss Date,Dynasty 5-6
2247,PorterMoss Date,Late Dynasty 6
2248,PorterMoss Date,Dynasty 5-6
2249,PorterMoss Date,Late Dynasty 4 or later
2250,PorterMoss Date,Dynasty 26
2252,PorterMoss Date,Dynasty 26
2253,PorterMoss Date,Dynasty 30
2254,PorterMoss Date,Dynasty 2; Dynasty 26
2256,PorterMoss Date,Dynasty 4
2266,PorterMoss Date,Dynasty 5
2266,Reisner Date,Dynasty 5
2267,PorterMoss Date,Dynasty 5 or later
2267,Reisner Date,Dynasty 5
2268,PorterMoss Date,Dynasty 5 or later
2268,Reisner Date,Dynasty 5-6
2269,PorterMoss Date,Dynasty 5 or later
2269,Reisner Date,Dynasty 5
2270,PorterMoss Date,Dynasty 5 or later
2270,Reisner Date,Dynasty 5
2271,Reisner Date,Dynasty 5-6
2272,Reisner Date,Dynasty 5-6
2273,Reisner Date,Dynasty 5-6
2274,Reisner Date,Dynasty 5-6
2275,Reisner Date,Dynasty 6 (?)
2276,PorterMoss Date,Late Dynasty 4
2276,Reisner Date,Menkaure
2277,Reisner Date,Dynasty 5
2278,Reisner Date,Dynasty 5-6
2287,Reisner Date,Saite-Ptolemaic
2294,PorterMoss Date,Dynasty 4
2295,PorterMoss Date,Dynasty 4
2296,PorterMoss Date,Dynasty 4
2297,Reisner Date,Dynasty 4
2298,Reisner Date,Dynasty 4
2299,Reisner Date,Dynasty 4
2300,Reisner Date,Dynasty 4
2301,Reisner Date,Dynasty 4
2304,Reisner Date,Dynasty 4
2305,Reisner Date,Dynasty 4
2396,PorterMoss Date,Dynasty 5-6
2398,PorterMoss Date,Late Dynasty 6
2399,PorterMoss Date,Late Dynasty 5 or Dynasty 6
2401,PorterMoss Date,Dynasty 5
2401,PorterMoss Date,Probably Dynasty 6
2401,(not entered),NULL
2573,Reisner Date,Roman
2574,Reisner Date,Roman
2585,Reisner Date,Khufu
2623,PorterMoss Date,Middle or late Dynasty 4
2653,Reisner Date,Ptolemaic
2654,Reisner Date,Ptolemaic
2655,Reisner Date,Ptolemaic
2656,Reisner Date,Ptolemaic
2657,Reisner Date,Ptolemaic
2659,Reisner Date,Ptolemaic
2729,Reisner Date,Old Kingdom
2729,Reisner Date,Ptolemaic
2737,PorterMoss Date,Dynasty 4
2750,PorterMoss Date,Dynasty 4
2796,PorterMoss Date,Dynasty 4
2870,Reisner Date,World War I
2877,PorterMoss Date,Dynasty 4
2878,PorterMoss Date,Dynasty 4
2879,PorterMoss Date,Dynasty 4
2899,Reisner Date,Roman
2923,Reisner Date,Ptolemaic
3030,Reisner Date,Ptolemaic
3031,Reisner Date,Ptolemaic
3064,Reisner Date,Ptolemaic
3065,Reisner Date,Ptolemaic
3066,Reisner Date,Ptolemaic
3067,Reisner Date,Ptolemaic
3073,Reisner Date,Ptolemaic
3074,Reisner Date,Ptolemaic
3075,Reisner Date,Ptolemaic
3076,Reisner Date,Ptolemaic
3077,Reisner Date,Ptolemaic
3078,Reisner Date,Ptolemaic
3079,Reisner Date,Ptolemaic
3080,Reisner Date,Ptolemaic
3081,Reisner Date,Ptolemaic
3082,Reisner Date,Ptolemaic
3118,Reisner Date,Ptolemaic
3119,Reisner Date,Ptolemaic
3148,(not entered),NULL
3160,Reisner Date,Ptolemaic
3161,Reisner Date,Ptolemaic
3162,Reisner Date,Ptolemaic
3163,Reisner Date,Ptolemaic
3164,Reisner Date,Ptolemaic
3165,Reisner Date,Ptolemaic
3166,Reisner Date,Ptolemaic
3167,Reisner Date,Ptolemaic
3183,Reisner Date,Ptolemaic
3184,Reisner Date,Ptolemaic
3189,Reisner Date,Ptolemaic
3199,Reisner Date,Roman
3200,Reisner Date,Roman
3201,Reisner Date,Roman
3202,Reisner Date,Roman
3203,Reisner Date,Roman
3204,Reisner Date,Roman
3206,Reisner Date,Ptolemaic
3207,Reisner Date,Ptolemaic
3208,Reisner Date,Ptolemaic
3209,Reisner Date,Ptolemaic
3398,Reisner Date,Late Period
3399,Reisner Date,Late Period
3400,Reisner Date,Late Period
3401,Reisner Date,Late Period
3402,Reisner Date,Late Period
3403,Reisner Date,Late Period
3406,Reisner Date,Saite-Ptolemaic
3418,Junker Date,late Old Kingdom
3420,Junker Date,Beginning Dynasty 5
3425,Junker Date,Late Old Kingdom
3447,Junker Date,Late Old Kingdom
3457,PorterMoss Date,Late Old Kingdom
3509,Junker Date,Dynasty 6
3510,Junker Date,Dynasty 6
3670,PorterMoss Date,Late Old Kingdom
3671,PorterMoss Date,Late Old Kingdom
3740,PorterMoss Date,Dynasty 5
3772,PorterMoss Date,Dynasty 5
3774,PorterMoss Date,Dynasty 5
3775,PorterMoss Date,Dynasty 5
3776,PorterMoss Date,Dynasty 5
3816,PorterMoss Date,Dynasty 5-6
4090,PorterMoss Date,Late Old Kingdom
4101,PorterMoss Date,Late Old Kingdom
4115,PorterMoss Date,Old Kingdom
4136,PorterMoss Date,Old Kingdom
4137,PorterMoss Date,Old Kingdom
4138,PorterMoss Date,Old Kingdom
4139,PorterMoss Date,Old Kingdom
4140,PorterMoss Date,Old Kingdom
4141,PorterMoss Date,Old Kingdom
4225,Reisner Date,Dynasty 4
4226,Reisner Date,Dynasty 4
4282,PorterMoss Date,Menkaure
4563,PorterMoss Date,Dynasty 26
4564,PorterMoss Date,Dynasty 26
4565,PorterMoss Date,Dynasty 26
4573,PorterMoss Date,Dynasty 26
4574,PorterMoss Date,Dynasty 26
4575,PorterMoss Date,End of Dyn. 5 or later
4575,Junker Date,Late Dynasty 5
4575,Baer Date,End of Dynasty 5 or later
4629,PorterMoss Date,End of Dynasty 5 or Dynasty 6
4630,PorterMoss Date,Late Dynasty 5
4632,PorterMoss Date,Dynasty 5
5089,Lepsius Date,Saite
5090,Lepsius Date,Saite
5091,Lepsius Date,Saite
5092,Lepsius Date,Saite
5095,PorterMoss Date,Late Dynasty 6
5117,Journal d'Entree Date,Dynasty 6
5120,PorterMoss Date,Dynasty 5 or 6
5120,Hill Date,reign of Niuserre or later
5122,PorterMoss Date,Dynasty 19
5122,Zivie-Coche Date,Late Dynasty 18-Early Dynasty 19
